0 1 1 1 
0.01 1.0125658 1.2599199 0.98489104 
0.02 1.0488216 1.5240006 0.97311433 
0.03 1.1072064 1.7983143 0.96515908 
0.04 1.1868656 2.0885453 0.96173736 
0.05 1.2875549 2.4001601 0.96380618 
0.06 1.4095689 2.7385517 0.97260826 
0.07 1.5536889 3.1091606 0.98973118 
0.08 1.7211458 3.5175767 1.0171865 
0.09 1.9135964 3.969623 1.0575118 
0.1 2.1331075 4.4714196 1.1138989 
0.11 2.3821481 5.0294251 1.1903537 
0.12 2.6635838 5.6504495 1.2918935 
0.13 2.9806715 6.3416288 1.424787 
0.14 3.3370504 7.1103466 1.5968436 
0.15 3.7367221 7.9640831 1.8177571 
0.16 4.1840142 8.9101615 2.0995043 
0.17 4.6835165 9.9553567 2.4567953 
0.18 5.2399778 11.105315 2.9075597 
0.19 5.8581455 12.363728 3.4734349 
0.2 6.5425266 13.731184 4.180197 
0.21 7.297045 15.203631 5.058029 
0.22 8.1245624 16.770384 6.1414686 
0.23 9.0262321 18.411649 7.4687971 
0.24 10.000658 20.095629 9.0805528 
0.25 11.042843 21.775413 11.016771 
0.26 12.142954 23.386125 13.312533 
0.27 13.284969 24.843092 15.991497 
0.28 14.44538 26.042248 19.057413 
0.29 15.592219 26.864209 22.484237 
0.3 16.684811 27.183492 26.20645 
0.31 17.674699 26.883585 30.112337 
0.32 18.508185 25.877022 34.043804 
0.33 19.130648 24.12713 37.806112 
0.34 19.49238 21.66575 41.188886 
0.35 19.555092 18.600254 43.996016 
0.36 19.29773 15.105014 46.07775 
0.37 18.720156 11.397327 47.355856 
0.38 17.843644 7.7035515 47.834027 
0.39 16.708025 4.2250463 47.590719 
0.4 15.36622 1.1130805 46.757857 
0.41 13.877581 -1.5422753 45.493081 
0.42 12.301479 -3.709661 43.953685 
0.43 10.692232 -5.4046308 42.277732 
0.44 9.0958696 -6.6740394 40.574135 
0.45 7.5486833 -7.5810894 38.920481 
0.46 6.0771965 -8.1935749 37.36606 
0.47 4.6990667 -8.576053 35.93743 
0.48 3.4244707 -8.7855294 34.644543 
0.49 2.2576341 -8.8697557 33.486259 
0.5 1.1982894 -8.8671973 32.454753 
0.51 0.24295029 -8.8079128 31.538738 
0.52 -0.6140423 -8.7148155 30.725649 
0.53 -1.3796975 -8.6049983 30.003019 
0.54 -2.0617523 -8.4909515 29.359273 
0.55 -2.6682165 -8.3816031 28.784118 
0.56 -3.2070496 -8.2831669 28.268678 
0.57 -3.6859418 -8.1998118 27.805479 
0.58 -4.1121704 -8.1341797 27.388344 
0.59 -4.4925144 -8.0877793 27.012255 
0.6 -4.8332084 -8.0612819 26.673193 
0.61 -5.1399266 -8.0547417 26.367994 
0.62 -5.417785 -8.0677591 26.094203 
0.63 -5.671358 -8.0995992 25.849955 
0.64 -5.9047018 -8.149278 25.633861 
0.65 -6.1213837 -8.2156234 25.444918 
0.66 -6.3245127 -8.2973181 25.282429 
0.67 -6.5167706 -8.3929279 25.145931 
0.68 -6.7004427 -8.5009198 25.035137 
0.69 -6.8774467 -8.6196733 24.949883 
0.7 -7.0493594 -8.7474858 24.890082 
0.71 -7.2174419 -8.882575 24.855679 
0.72 -7.3826617 -9.0230801 24.846609 
0.73 -7.5457135 -9.1670628 24.862765 
0.74 -7.7070377 -9.3125088 24.903954 
0.75 -7.8668376 -9.4573333 24.969864 
0.76 -8.0250958 -9.5993886 25.06003 
0.77 -8.1815893 -9.7364772 25.173797 
0.78 -8.3359058 -9.8663695 25.310294 
0.79 -8.4874594 -9.9868283 25.4684 
0.8 -8.6355079 -10.095639 25.646724 
0.81 -8.7791714 -10.190645 25.843584 
0.82 -8.9174532 -10.269793 26.056996 
0.83 -9.0492627 -10.331177 26.284672 
0.84 -9.173441 -10.373088 26.524028 
0.85 -9.2887886 -10.394072 26.772197 
0.86 -9.3940958 -10.392974 27.026069 
0.87 -9.4881752 -10.368992 27.282323 
0.88 -9.5698943 -10.321715 27.537492 
0.89 -9.6382098 -10.251159 27.788019 
0.9 -9.6922006 -10.157783 28.030337 
0.91 -9.7310989 -10.042502 28.260946 
0.92 -9.7543186 -9.9066718 28.476494 
0.93 -9.7614789 -9.7520693 28.673862 
0.94 -9.7524232 -9.580849 28.850234 
0.95 -9.7272306 -9.3954893 29.003166 
0.96 -9.686222 -9.198726 29.130643 
0.97 -9.6299573 -8.9934766 29.231114 
0.98 -9.5592261 -8.7827605 29.303515 
0.99 -9.4750323 -8.5696187 29.34728 
1 -9.3785713 -8.3570359 29.362326 
1.01 -9.2712031 -8.1478695 29.349029 
1.02 -9.1544216 -7.9447892 29.308187 
1.03 -9.0298215 -7.7502268 29.240973 
1.04 -8.8990642 -7.5663404 29.148877 
1.05 -8.7638438 -7.3949907 29.033656 
1.06 -8.6258558 -7.2377308 28.897268 
1.07 -8.486767 -7.0958071 28.741823 
1.08 -8.3481899 -6.9701703 28.569527 
1.09 -8.2116604 -6.8614941 28.382638 
1.1 -8.0786199 -6.7701997 28.183427 
1.11 -7.9504017 -6.6964849 27.974143 
1.12 -7.8282214 -6.6403536 27.756993 
1.13 -7.7131713 -6.6016471 27.534115 
1.14 -7.6062178 -6.5800729 27.307573 
1.15 -7.5082021 -6.5752326 27.079345 
1.16 -7.4198437 -6.5866459 26.85132 
1.17 -7.3417443 -6.6137714 26.625298 
1.18 -7.2743949 -6.6560237 26.402994 
1.19 -7.2181824 -6.7127866 26.18604 
1.2 -7.1733972 -6.7834224 25.975994 
1.21 -7.1402405 -6.8672781 25.774342 
1.22 -7.1188315 -6.9636872 25.582507 
1.23 -7.1092143 -7.0719695 25.401854 
1.24 -7.1113629 -7.1914275 25.233693 
1.25 -7.1251865 -7.3213404 25.079286 
1.26 -7.150533 -7.4609567 24.939846 
1.27 -7.1871912 -7.6094841 24.816538 
1.28 -7.2348924 -7.7660792 24.710477 
1.29 -7.2933101 -7.9298356 24.622725 
1.3 -7.3620591 -8.0997719 24.554282 
1.31 -7.4406935 -8.2748199 24.50608 
1.32 -7.5287034 -8.4538129 24.478967 
1.33 -7.6255112 -8.6354759 24.473693 
1.34 -7.7304674 -8.8184173 24.490892 
1.35 -7.842846 -9.0011231 24.531062 
1.36 -7.9618399 -9.1819549 24.59454 
1.37 -8.0865571 -9.3591517 24.681474 
1.38 -8.216017 -9.5308372 24.7918 
1.39 -8.349149 -9.6950324 24.925209 
1.4 -8.4847916 -9.8496756 25.08112 
1.41 -8.6216947 -9.9926484 25.258653 
1.42 -8.7585243 -10.12181 25.456606 
1.43 -8.8938701 -10.23504 25.673437 
1.44 -9.0262572 -10.330285 25.907247 
1.45 -9.1541609 -10.405612 26.155782 
1.46 -9.2760261 -10.45927 26.41644 
1.47 -9.3902903 -10.489753 26.686284 
1.48 -9.4954103 -10.495854 26.962085 
1.49 -9.5898923 -10.476729 27.240358 
1.5 -9.6723236 -10.431946 27.51743 
1.51 -9.7414067 -10.361527 27.789509 
1.52 -9.7959927 -10.265974 28.052767 
1.53 -9.8351136 -10.146284 28.30343 
1.54 -9.858012 -10.003937 28.537873 
1.55 -9.8641662 -9.8408793 28.752709 
1.56 -9.85331 -9.6594748 28.944879 
1.57 -9.8254453 -9.4624468 29.111727 
1.58 -9.7808476 -9.252804 29.251061 
1.59 -9.7200628 -9.0337565 29.361204 
1.6 -9.6438966 -8.8086255 29.441015 
1.61 -9.5533954 -8.5807522 29.489898 
1.62 -9.4498218 -8.3534105 29.507793 
1.63 -9.334623 -8.129727 29.495142 
1.64 -9.2093963 -7.9126126 29.452851 
1.65 -9.075851 -7.7047077 29.38223 
1.66 -8.9357705 -7.5083421 29.284937 
1.67 -8.790974 -7.3255104 29.162909 
1.68 -8.6432808 -7.1578621 29.018296 
1.69 -8.4944773 -7.0067047 28.853402 
1.7 -8.3462884 -6.873018 28.670623 
1.71 -8.2003532 -6.7574771 28.472402 
1.72 -8.0582053 -6.6604819 28.26118 
1.73 -7.9212587 -6.5821906 28.039364 
1.74 -7.7907974 -6.5225549 27.809302 
1.75 -7.6679702 -6.481355 27.57326 
1.76 -7.5537888 -6.4582335 27.333413 
1.77 -7.4491289 -6.4527257 27.091835 
1.78 -7.3547348 -6.4642874 26.850499 
1.79 -7.2712254 -6.4923176 26.611279 
1.8 -7.1991013 -6.5361774 26.37595 
1.81 -7.1387536 -6.5952044 26.146202 
1.82 -7.0904722 -6.6687227 25.92364 
1.83 -7.054455 -6.7560488 25.709795 
1.84 -7.0308156 -6.8564943 25.506134 
1.85 -7.019591 -6.9693642 25.314062 
1.86 -7.0207481 -7.0939532 25.134935 
1.87 -7.0341891 -7.2295385 24.970057 
1.88 -7.0597554 -7.3753711 24.820691 
1.89 -7.0972306 -7.5306645 24.688052 
1.9 -7.1463418 -7.6945826 24.573315 
1.91 -7.2067594 -7.8662264 24.477604 
1.92 -7.2780962 -8.0446196 24.40199 
1.93 -7.3599045 -8.228695 24.347479 
1.94 -7.4516727 -8.4172805 24.315002 
1.95 -7.5528208 -8.609087 24.305398 
1.96 -7.6626953 -8.8026976 24.319394 
1.97 -7.7805633 -8.9965595 24.357584 
1.98 -7.9056073 -9.1889793 24.420404 
1.99 -8.0369196 -9.378123 24.5081 
2 -8.1734976 -9.562021 24.620699 
2.01 -8.3142408 -9.7385797 24.757979 
2.02 -8.4579486 -9.9056 24.919432 
2.03 -8.6033216 -10.060804 25.104234 
2.04 -8.7489648 -10.201871 25.311217 
2.05 -8.8933946 -10.32648 25.538842 
2.06 -9.0350498 -10.432361 25.785187 
2.07 -9.1723069 -10.517357 26.047931 
2.08 -9.3034995 -10.579489 26.324365 
2.09 -9.4269429 -10.617023 26.611403 
2.1 -9.5409621 -10.62854 26.905616 
2.11 -9.6439249 -10.613007 27.203282 
2.12 -9.734277 -10.569833 27.500446 
2.13 -9.8105793 -10.498921 27.792999 
2.14 -9.871546 -10.400706 28.076771 
2.15 -9.9160812 -10.276169 28.347631 
2.16 -9.9433135 -10.126838 28.601589 
2.17 -9.9526251 -9.9547626 28.834904 
2.18 -9.9436756 -9.7624684 29.044184 
2.19 -9.9164179 -9.5528925 29.226473 
2.2 -9.8711052 -9.3293006 29.379324 
2.21 -9.80829 -9.0951931 29.500856 
2.22 -9.7288121 -8.8542026 29.589784 
2.23 -9.6337796 -8.6099899 29.645426 
2.24 -9.5245404 -8.3661445 29.667696 
2.25 -9.402649 -8.1260929 29.657069 
2.26 -9.2698267 -7.8930206 29.61453 
2.27 -9.1279198 -7.6698091 29.541513 
2.28 -8.9788567 -7.4589912 29.439831 
2.29 -8.8246051 -7.2627232 29.311601 
2.3 -8.6671321 -7.0827749 29.159172 
2.31 -8.5083673 -6.9205341 28.985047 
2.32 -8.3501712 -6.7770242 28.791828 
2.33 -8.1943077 -6.6529317 28.58215 
2.34 -8.0424235 -6.5486408 28.35864 
2.35 -7.8960322 -6.4642728 28.123876 
2.36 -7.7565036 -6.399726 27.88036 
2.37 -7.6250585 -6.354717 27.630497 
2.38 -7.5027672 -6.3288185 27.376582 
2.39 -7.390552 -6.3214943 27.120793 
2.4 -7.2891924 -6.3321301 26.865195 
2.41 -7.1993325 -6.3600593 26.611737 
2.42 -7.1214902 -6.4045842 26.362263 
2.43 -7.0560667 -6.464991 26.118519 
2.44 -7.0033567 -6.5405621 25.882162 
2.45 -6.9635589 -6.6305813 25.654769 
2.46 -6.9367849 -6.734337 25.437849 
2.47 -6.9230682 -6.8511201 25.23285 
2.48 -6.9223717 -6.9802199 25.04117 
2.49 -6.9345937 -7.1209154 24.864158 
2.5 -6.9595726 -7.2724659 24.703125 
2.51 -6.9970905 -7.4340985 24.559341 
2.52 -7.0468741 -7.6049937 24.434039 
2.53 -7.1085959 -7.7842708 24.32841 
2.54 -7.1818715 -7.9709712 24.243601 
2.55 -7.2662579 -8.1640428 24.180701 
2.56 -7.3612487 -8.3623233 24.140733 
2.57 -7.4662692 -8.5645254 24.124636 
2.58 -7.5806705 -8.7692234 24.133246 
2.59 -7.7037222 -8.9748416 24.167274 
2.6 -7.8346063 -9.1796473 24.227275 
2.61 -7.9724097 -9.3817471 24.313621 
2.62 -8.1161184 -9.5790894 24.426462 
2.63 -8.2646124 -9.7694734 24.565696 
2.64 -8.4166623 -9.9505663 24.730925 
2.65 -8.5709283 -10.119928 24.921423 
2.66 -8.7259619 -10.275048 25.136098 
2.67 -8.8802121 -10.413388 25.37346 
2.68 -9.0320349 -10.53244 25.6316 
2.69 -9.1797077 -10.629786 25.908173 
2.7 -9.3214494 -10.703176 26.200397 
2.71 -9.4554452 -10.750599 26.505063 
2.72 -9.5798767 -10.770369 26.818564 
2.73 -9.6929568 -10.761197 27.136944 
2.74 -9.792968 -10.72227 27.455963 
2.75 -9.8783046 -10.653308 27.771178 
2.76 -9.9475146 -10.554612 28.078045 
2.77 -9.9993424 -10.427095 28.372027 
2.78 -10.032768 -10.272279 28.648715 
2.79 -10.047043 -10.092282 28.903949 
2.8 -10.041718 -9.8897659 29.133928 
2.81 -10.016664 -9.6678726 29.33532 
2.82 -9.9720827 -9.4301297 29.505348 
2.83 -9.9085058 -9.1803463 29.641851 
2.84 -9.826787 -8.9224978 29.743332 
2.85 -9.7280799 -8.6606062 29.808967 
2.86 -9.6138086 -8.3986258 29.838596 
2.87 -9.4856305 -8.1403369 29.832687 
2.88 -9.3453927 -7.889255 29.79228 
2.89 -9.1950853 -7.6485576 29.71892 
2.9 -9.0367929 -7.4210317 29.614571 
2.91 -8.8726466 -7.2090421 29.481537 
2.92 -8.7047787 -7.0145187 29.322373 
2.93 -8.5352815 -6.838963 29.139803 
2.94 -8.3661711 -6.6834678 28.93665 
2.95 -8.1993572 -6.5487503 28.715767 
2.96 -8.0366194 -6.4351918 28.47999 
2.97 -7.8795898 -6.3428832 28.232088 
2.98 -7.729742 -6.2716724 27.974739 
2.99 -7.5883845 -6.2212105 27.710503 
3 -7.4566609 -6.1909961 27.441813 
3.01 -7.3355521 -6.1804151 27.170966 
3.02 -7.2258834 -6.1887758 26.90013 
3.03 -7.1283332 -6.2153381 26.631339 
3.04 -7.0434435 -6.2593374 26.366512 
3.05 -6.9716315 -6.3200021 26.107456 
3.06 -6.9132014 -6.3965662 25.855884 
3.07 -6.8683564 -6.4882764 25.61342 
3.08 -6.837209 -6.5943949 25.381617 
3.09 -6.8197919 -6.7141976 25.161966 
3.1 -6.816066 -6.8469691 24.955906 
3.11 -6.825928 -6.9919936 24.764831 
3.12 -6.8492158 -7.1485443 24.590099 
3.13 -6.8857125 -7.3158694 24.433034 
3.14 -6.9351486 -7.4931765 24.294929 
3.15 -6.997202 -7.6796155 24.177044 
3.16 -7.0714968 -7.874261 24.080604 
3.17 -7.1576007 -8.0760926 24.006786 
3.18 -7.2550199 -8.2839772 23.956714 
3.19 -7.3631934 -8.4966502 23.93144 
3.2 -7.4814865 -8.712699 23.931923 
3.21 -7.6091826 -8.9305479 23.959009 
3.22 -7.7454748 -9.1484476 24.013399 
3.23 -7.8894582 -9.3644671 24.095618 
3.24 -8.0401209 -9.5764927 24.205975 
3.25 -8.1963379 -9.7822333 24.344528 
3.26 -8.356865 -9.979234 24.511036 
3.27 -8.5203357 -10.164899 24.704921 
3.28 -8.6852611 -10.336525 24.925219 
3.29 -8.8500333 -10.491347 25.17055 
3.3 -9.0129336 -10.626595 25.439075 
3.31 -9.1721454 -10.739559 25.728482 
3.32 -9.3257737 -10.827673 26.03597 
3.33 -9.4718695 -10.888594 26.358252 
3.34 -9.608461 -10.920296 26.691581 
3.35 -9.7335903 -10.921163 27.031793 
3.36 -9.8453552 -10.890072 27.374371 
3.37 -9.9419549 -10.826471 27.71453 
3.38 -10.021738 -10.730443 28.047325 
3.39 -10.083249 -10.602743 28.367771 
3.4 -10.125278 -10.444818 28.670978 
3.41 -10.1469 -10.258787 28.952285 
3.42 -10.14751 -10.047405 29.207395 
3.43 -10.126853 -9.8139876 29.432503 
3.44 -10.085034 -9.5623167 29.624395 
3.45 -10.022528 -9.2965214 29.780535 
3.46 -9.9401691 -9.0209489 29.899116 
3.47 -9.8391292 -8.7400282 29.979085 
3.48 -9.7208903 -8.4581364 30.020136 
3.49 -9.5872017 -8.1794748 30.022671 
3.5 -9.4400332 -7.9079609 29.987745 
3.51 -9.2815224 -7.6471413 29.916981 
3.52 -9.1139208 -7.4001282 29.812487 
3.53 -8.9395387 -7.1695597 29.676749 
3.54 -8.760694 -6.9575842 29.51254 
3.55 -8.5796652 -6.7658657 29.322823 
3.56 -8.3986494 -6.5956066 29.110666 
3.57 -8.2197283 -6.4475846 28.87917 
3.58 -8.044841 -6.3221996 28.631405 
3.59 -7.8757635 -6.2195255 28.370364 
3.6 -7.7140969 -6.1393658 28.098927 
3.61 -7.5612597 -6.0813067 27.819838 
3.62 -7.4184881 -6.0447687 27.535688 
3.63 -7.286839 -6.0290524 27.248915 
3.64 -7.1671984 -6.0333791 26.961803 
3.65 -7.0602912 -6.0569247 26.67649 
3.66 -6.9666938 -6.0988463 26.394976 
3.67 -6.8868477 -6.1583038 26.119141 
3.68 -6.8210729 -6.2344733 25.850755 
3.69 -6.769582 -6.3265559 25.591495 
3.7 -6.7324923 -6.4337816 25.342959 
3.71 -6.7098385 -6.5554068 25.106679 
3.72 -6.7015819 -6.6907099 24.884136 
3.73 -6.7076198 -6.8389815 24.676765 
3.74 -6.7277917 -6.9995125 24.48597 
3.75 -6.7618845 -7.1715792 24.313126 
3.76 -6.8096348 -7.3544263 24.159584 
3.77 -6.8707304 -7.5472482 24.026673 
3.78 -6.9448089 -7.7491686 23.915693 
3.79 -7.0314545 -7.9592193 23.827916 
3.8 -7.1301938 -8.1763191 23.76457 
3.81 -7.2404889 -8.3992518 23.726827 
3.82 -7.3617303 -8.6266464 23.715784 
3.83 -7.4932276 -8.8569581 23.73244 
3.84 -7.6342001 -9.0884521 23.777663 
3.85 -7.7837665 -9.3191923 23.852164 
3.86 -7.9409353 -9.5470342 23.956448 
3.87 -8.104595 -9.7696251 24.090776 
3.88 -8.2735062 -9.9844127 24.25512 
3.89 -8.4462958 -10.188664 24.449106 
3.9 -8.6214535 -10.379495 24.671972 
3.91 -8.7973328 -10.553912 24.922515 
3.92 -8.9721559 -10.708873 25.199051 
3.93 -9.1440248 -10.841348 25.499376 
3.94 -9.3109383 -10.948411 25.82075 
3.95 -9.4708153 -11.027328 26.159882 
3.96 -9.6215263 -11.075659 26.512951 
3.97 -9.7609306 -11.091365 26.875635 
3.98 -9.886921 -11.07291 27.243173 
3.99 -9.9974726 -11.019357 27.610452 
4 -10.090696 -10.930447 27.972116 
4.01 -10.164894 -10.806663 28.322695 
4.02 -10.218612 -10.649259 28.656753 
4.03 -10.250691 -10.460258 28.969046 
4.04 -10.260312 -10.242424 29.254675 
4.05 -10.24703 -9.9991886 29.509234 
4.06 -10.210796 -9.7345532 29.728944 
4.07 -10.151969 -9.4529603 29.910754 
4.08 -10.071314 -9.1591495 30.052417 
4.09 -9.9699814 -8.8580013 30.152525 
4.1 -9.8494757 -8.5543811 30.210514 
4.11 -9.711616 -8.2529927 30.226633 
4.12 -9.5584823 -7.9582476 30.201874 
4.13 -9.392358 -7.6741585 30.137894 
4.14 -9.2156683 -7.4042593 30.036909 
4.15 -9.0309186 -7.1515536 29.90158 
4.16 -8.8406352 -6.9184921 29.734902 
4.17 -8.6473101 -6.7069741 29.540096 
4.18 -8.4533533 -6.5183722 29.320502 
4.19 -8.2610524 -6.3535727 29.079503 
4.2 -8.0725399 -6.2130291 28.820443 
4.21 -7.8897702 -6.0968223 28.546576 
4.22 -7.7145039 -6.0047244 28.261024 
4.23 -7.5483 -5.9362615 27.966749 
4.24 -7.3925147 -5.8907734 27.666537 
4.25 -7.2483052 -5.8674675 27.362991 
4.26 -7.116639 -5.8654663 27.058541 
4.27 -6.9983055 -5.883847 26.755443 
4.28 -6.8939301 -5.9216736 26.455799 
4.29 -6.8039902 -5.9780212 26.161571 
4.3 -6.7288309 -6.0519933 25.874598 
4.31 -6.6686811 -6.142732 25.596612 
4.32 -6.6236681 -6.2494231 25.329259 
4.33 -6.5938321 -6.3712951 25.074114 
4.34 -6.5791375 -6.5076139 24.832696 
4.35 -6.579484 -6.6576736 24.60648 
4.36 -6.5947143 -6.8207836 24.396909 
4.37 -6.6246206 -6.996253 24.205404 
4.38 -6.6689483 -7.1833721 24.03337 
4.39 -6.727398 -7.3813923 23.882196 
4.4 -6.7996244 -7.5895039 23.75326 
4.41 -6.8852344 -7.8068123 23.647921 
4.42 -6.9837819 -8.0323142 23.567512 
4.43 -7.0947618 -8.2648729 23.51333 
4.44 -7.217601 -8.5031937 23.486616 
4.45 -7.3516496 -8.7458009 23.488536 
4.46 -7.4961693 -8.9910169 23.520148 
4.47 -7.6503219 -9.2369446 23.582371 
4.48 -7.8131573 -9.481454 23.675946 
4.49 -7.9836015 -9.7221761 23.801385 
4.5 -8.1604458 -9.9565042 23.958925 
4.51 -8.3423374 -10.181605 24.148473 
4.52 -8.5277726 -10.394445 24.369542 
4.53 -8.7150935 -10.591821 24.621202 
4.54 -8.9024896 -10.770422 24.902019 
4.55 -9.0880046 -10.926889 25.210009 
4.56 -9.26955 -11.057903 25.542599 
4.57 -9.444926 -11.160284 25.896609 
4.58 -9.6118507 -11.231101 26.268242 
4.59 -9.7679971 -11.267789 26.653112 
4.6 -9.9110385 -11.268275 27.046291 
4.61 -10.038701 -11.231092 27.442385 
4.62 -10.14882 -11.155484 27.835646 
4.63 -10.239405 -11.041496 28.220106 
4.64 -10.308698 -10.890025 28.589738 
4.65 -10.355238 -10.702845 28.938625 
4.66 -10.377912 -10.482591 29.261148 
4.67 -10.376005 -10.232702 29.552158 
4.68 -10.34923 -9.9573195 29.807139 
4.69 -10.297753 -9.6611577 30.022347 
4.7 -10.222193 -9.3493447 30.194907 
4.71 -10.123609 -9.0272451 30.32288 
4.72 -10.003476 -8.700279 30.405282 
4.73 -9.8636411 -8.3737456 30.442059 
4.74 -9.7062646 -8.0526644 30.434028 
4.75 -9.5337614 -7.7416405 30.382788 
4.76 -9.3487303 -7.4447607 30.290605 
4.77 -9.1538836 -7.1655237 30.160282 
4.78 -8.9519782 -6.9068032 29.995029 
4.79 -8.7457519 -6.6708428 29.798335 
4.8 -8.5378655 -6.4592781 29.573846 
4.81 -8.3308545 -6.2731799 29.325266 
4.82 -8.1270903 -6.1131136 29.056261 
4.83 -7.9287506 -5.9792088 28.770402 
4.84 -7.7378 -5.8712325 28.471103 
4.85 -7.5559797 -5.7886636 28.161595 
4.86 -7.3848042 -5.730763 27.844905 
4.87 -7.2255659 -5.696638 27.523848 
4.88 -7.0793441 -5.6852985 27.20103 
4.89 -6.9470183 -5.695705 26.878861 
4.9 -6.8292847 -5.7268071 26.559568 
4.91 -6.7266739 -5.7775729 26.245214 
4.92 -6.6395698 -5.8470109 25.937719 
4.93 -6.5682277 -5.9341831 25.638883 
4.94 -6.5127924 -6.0382122 25.350405 
4.95 -6.4733143 -6.158282 25.073902 
4.96 -6.4497642 -6.2936331 24.81093 
4.97 -6.4420459 -6.4435539 24.562998 
4.98 -6.4500062 -6.6073671 24.331585 
4.99 -6.4734433 -6.7844142 24.118148 
5 -6.5121118 -6.9740357 23.924136 
5.01 -6.5657263 -7.1755498 23.750989 
5.02 -6.6339614 -7.3882287 23.60015 
5.03 -6.7164502 -7.6112729 23.473058 
5.04 -6.8127802 -7.8437845 23.371144 
5.05 -6.9224867 -8.0847396 23.295825 
5.06 -7.0450447 -8.3329603 23.248485 
5.07 -7.1798583 -8.5870868 23.230461 
5.08 -7.3262492 -8.8455509 23.243013 
5.09 -7.4834433 -9.1065522 23.28729 
5.1 -7.6505567 -9.3680376 23.364296 
5.11 -7.8265814 -9.6276865 23.47484 
5.12 -8.0103712 -9.8829033 23.619482 
5.13 -8.2006289 -10.130819 23.798476 
5.14 -8.3958948 -10.368306 24.011704 
5.15 -8.5945389 -10.592005 24.258611 
5.16 -8.7947575 -10.798368 24.538135 
5.17 -8.9945741 -10.983725 24.848647 
5.18 -9.1918481 -11.144358 25.187892 
5.19 -9.3842907 -11.276607 25.55295 
5.2 -9.5694899 -11.376981 25.940207 
5.21 -9.7449444 -11.442292 26.345363 
5.22 -9.9081081 -11.469794 26.763452 
5.23 -10.056443 -11.457323 27.188912 
5.24 -10.187479 -11.40343 27.615682 
5.25 -10.298885 -11.307504 28.037331 
5.26 -10.388537 -11.169857 28.447225 
5.27 -10.454588 -10.991785 28.838717 
5.28 -10.495541 -10.77558 29.205353 
5.29 -10.510305 -10.524494 29.541079 
5.3 -10.498247 -10.242658 29.840444 
5.31 -10.459224 -9.9349479 30.098776 
5.32 -10.393599 -9.6068252 30.312329 
5.33 -10.302242 -9.2641355 30.478378 
5.34 -10.186506 -8.9129015 30.595273 
5.35 -10.048189 -8.5591127 30.66244 
5.36 -9.8894781 -8.2085283 30.680328 
5.37 -9.7128815 -7.8665044 30.650324 
5.38 -9.5211538 -7.5378558 30.574628 
5.39 -9.3172149 -7.2267555 30.456113 
5.4 -9.1040703 -6.9366753 30.298168 
5.41 -8.8847353 -6.6703651 30.104548 
5.42 -8.6621652 -6.4298671 29.879229 
5.43 -8.4391958 -6.2165576 29.626281 
5.44 -8.2184944 -6.0312114 29.349755 
5.45 -8.0025223 -5.8740791 29.053602 
5.46 -7.7935082 -5.7449735 28.741606 
5.47 -7.5934336 -5.6433559 28.417339 
5.48 -7.4040264 -5.5684206 28.084135 
5.49 -7.2267638 -5.5191727 27.745081 
5.5 -7.0628811 -5.4944961 27.403019 
5.51 -6.9133867 -5.4932129 27.060558 
5.52 -6.7790799 -5.5141307 26.720087 
5.53 -6.6605711 -5.5560801 26.383803 
5.54 -6.5583038 -5.6179426 26.053734 
5.55 -6.4725761 -5.6986682 25.73176 
5.56 -6.4035614 -5.7972866 25.419644 
5.57 -6.3513284 -5.9129094 25.119053 
5.58 -6.3158585 -6.0447283 24.831579 
5.59 -6.2970617 -6.1920059 24.558761 
5.6 -6.2947892 -6.3540642 24.302104 
5.61 -6.3088439 -6.5302675 24.063092 
5.62 -6.3389886 -6.7200032 23.8432 
5.63 -6.3849503 -6.9226593 23.643909 
5.64 -6.4464229 -7.1375998 23.466706 
5.65 -6.5230666 -7.3641374 23.313093 
5.66 -6.6145049 -7.6015051 23.184583 
5.67 -6.7203193 -7.8488254 23.082693 
5.68 -6.8400405 -8.1050796 23.008941 
5.69 -6.9731393 -8.3690751 22.964825 
5.7 -7.1190135 -8.6394144 22.951802 
5.71 -7.2769738 -8.9144639 22.971259 
5.72 -7.4462289 -9.1923263 23.02448 
5.73 -7.6258683 -9.4708159 23.112598 
5.74 -7.8148452 -9.7474406 23.236543 
5.75 -8.0119604 -10.019391 23.396982 
5.76 -8.2158459 -10.283543 23.594253 
5.77 -8.4249517 -10.536469 23.828284 
5.78 -8.6375359 -10.77447 24.098523 
5.79 -8.851659 -10.993625 24.403853 
5.8 -9.0651848 -11.18986 24.742522 
5.81 -9.2757894 -11.359044 25.112073 
5.82 -9.4809782 -11.497099 25.509294 
5.83 -9.6781143 -11.60014 25.930188 
5.84 -9.8644573 -11.664626 26.369978 
5.85 -10.037214 -11.687523 26.823131 
5.86 -10.193599 -11.666466 27.283443 
5.87 -10.330906 -11.59992 27.744145 
5.88 -10.446586 -11.487313 28.19807 
5.89 -10.538329 -11.329141 28.63784 
5.9 -10.604147 -11.127026 29.056096 
5.91 -10.642449 -10.883726 29.445734 
5.92 -10.652112 -10.603081 29.800153 
5.93 -10.632533 -10.28991 30.113483 
5.94 -10.583667 -9.9498433 30.380783 
5.95 -10.506039 -9.589124 30.5982 
5.96 -10.400739 -9.2143688 30.763069 
5.97 -10.269391 -8.8323225 30.873954 
5.98 -10.114102 -8.4496147 30.93063 
5.99 -9.9373959 -8.072537 30.934008 
6 -9.7421298 -7.7068535 30.886013 
6.01 -9.5314064 -7.357655 30.789432 
6.02 -9.3084808 -7.0292607 30.64774 
6.03 -9.0766696 -6.7251681 30.464913 
6.04 -8.8392668 -6.4480478 30.245261 
6.05 -8.599468 -6.1997768 29.993258 
6.06 -8.3603076 -5.9815015 29.71341 
6.07 -8.1246083 -5.7937229 29.410137 
6.08 -7.8949446 -5.6363942 29.087685 
6.09 -7.673619 -5.5090228 28.750068 
6.1 -7.4626508 -5.4107726 28.40103 
6.11 -7.2637747 -5.340558 28.044023 
6.12 -7.0784485 -5.2971302 27.682207 
6.13 -6.9078675 -5.2791504 27.318462 
6.14 -6.7529842 -5.2852514 26.955407 
6.15 -6.6145308 -5.3140862 26.595422 
6.16 -6.4930443 -5.3643645 26.240681 
6.17 -6.3888914 -5.4348787 25.893179 
6.18 -6.3022938 -5.5245196 25.554762 
6.19 -6.2333519 -5.6322838 25.22716 
6.2 -6.1820657 -5.7572737 24.912006 
6.21 -6.1483551 -5.8986916 24.61087 
6.22 -6.1320758 -6.0558283 24.325274 
6.23 -6.1330336 -6.2280472 24.056715 
6.24 -6.150995 -6.4147658 23.806682 
6.25 -6.1856947 -6.6154324 23.576669 
6.26 -6.236841 -6.829501 23.368188 
6.27 -6.3041169 -7.056404 23.182772 
6.28 -6.3871795 -7.2955219 23.021987 
6.29 -6.4856554 -7.546151 22.887425 
6.3 -6.5991349 -7.80747 22.780702 
6.31 -6.7271616 -8.0785048 22.70345 
6.32 -6.869221 -8.3580919 22.657301 
6.33 -7.0247265 -8.6448424 22.643861 
6.34 -7.1930025 -8.9371062 22.664687 
6.35 -7.3732668 -9.2329381 22.721238 
6.36 -7.5646109 -9.5300684 22.814837 
6.37 -7.7659803 -9.8258786 22.946607 
6.38 -7.9761539 -10.117386 23.117404 
6.39 -8.1937252 -10.40124 23.327741 
6.4 -8.4170853 -10.673732 23.577703 
6.41 -8.6444092 -10.930827 23.866857 
6.42 -8.8736478 -11.16821 24.194155 
6.43 -9.102526 -11.381368 24.557849 
6.44 -9.3285497 -11.565685 24.955405 
6.45 -9.5490236 -11.716578 25.383441 
6.46 -9.7610799 -11.829646 25.837684 
6.47 -9.9617211 -11.900848 26.312961 
6.48 -10.147875 -11.926693 26.803233 
6.49 -10.316466 -11.904435 27.301671 
6.5 -10.46449 -11.832257 27.800788 
6.51 -10.58911 -11.709438 28.292619 
6.52 -10.687749 -11.536476 28.768942 
6.53 -10.758183 -11.31516 29.221546 
6.54 -10.798634 -11.048586 29.642507 
6.55 -10.80785 -10.741096 30.02448 
6.56 -10.785164 -10.398147 30.360963 
6.57 -10.730542 -10.026124 30.646535 
6.58 -10.644592 -9.6320906 30.877031 
6.59 -10.52856 -9.2235124 31.049657 
6.6 -10.384292 -8.8079647 31.163028 
6.61 -10.214172 -8.3928474 31.217138 
6.62 -10.021042 -7.9851268 31.213257 
6.63 -9.8081073 -7.5911213 31.153786 
6.64 -9.5788314 -7.2163403 31.042061 
6.65 -9.3368286 -6.865381 30.882146 
6.66 -9.0857605 -6.5418838 30.678621 
6.67 -8.8292409 -6.2485397 30.436375 
6.68 -8.5707516 -5.9871417 30.160422 
6.69 -8.3135733 -5.7586692 29.85575 
6.7 -8.0607331 -5.5633951 29.527194 
6.71 -7.8149662 -5.4010046 29.179351 
6.72 -7.5786944 -5.2707175 28.816512 
6.73 -7.3540168 -5.1714055 28.442635 
6.74 -7.1427131 -5.1017006 28.061329 
6.75 -6.9462557 -5.0600909 27.675865 
6.76 -6.7658295 -5.0450007 27.289188 
6.77 -6.6023561 -5.0548571 26.903952 
6.78 -6.4565222 -5.08814 26.522547 
6.79 -6.3288086 -5.1434199 26.147137 
6.8 -6.2195195 -5.2193828 25.779697 
6.81 -6.1288115 -5.3148442 25.422045 
6.82 -6.0567202 -5.4287545 25.075876 
6.83 -6.0031841 -5.5601967 24.742796 
6.84 -5.9680665 -5.7083774 24.424343 
6.85 -5.9511738 -5.8726131 24.12202 
6.86 -5.9522701 -6.0523118 23.837308 
6.87 -5.9710893 -6.2469514 23.571693 
6.88 -6.0073434 -6.4560547 23.326678 
6.89 -6.0607274 -6.6791618 23.103796 
6.9 -6.130921 -6.9157996 22.904619 
6.91 -6.2175878 -7.1654494 22.730769 
6.92 -6.32037 -7.4275119 22.583912 
6.93 -6.4388818 -7.7012703 22.465765 
6.94 -6.5726985 -7.985851 22.378079 
6.95 -6.7213433 -8.2801832 22.322634 
6.96 -6.8842719 -8.5829574 22.301209 
6.97 -7.0608539 -8.8925837 22.315561 
6.98 -7.2503523 -9.2071512 22.367379 
6.99 -7.4519013 -9.5243908 22.458236 
7 -7.6644831 -9.8416424 22.589532 
7.01 -7.8869034 -10.155831 22.762417 
7.02 -8.1177684 -10.463453 22.977705 
7.03 -8.3554629 -10.760579 23.235784 
7.04 -8.5981317 -11.042878 23.536507 
7.05 -8.8436661 -11.305659 23.879085 
7.06 -9.0896973 -11.543949 24.261975 
7.07 -9.333599 -11.752596 24.682781 
7.08 -9.5725017 -11.926407 25.138162 
7.09 -9.8033191 -12.06032 25.623769 
7.1 -10.022791 -12.149597 26.134217 
7.11 -10.227543 -12.190053 26.663102 
7.12 -10.414156 -12.178276 27.203072 
7.13 -10.579261 -12.111861 27.745959 
7.14 -10.719638 -11.989611 28.282967 
7.15 -10.832322 -11.811704 28.80493 
7.16 -10.914722 -11.579797 29.302607 
7.17 -10.964722 -11.297064 29.767011 
7.18 -10.980781 -10.968139 30.189752 
7.19 -10.962013 -10.598988 30.563359 
7.2 -10.908238 -10.196686 30.881568 
7.21 -10.82001 -9.7691395 31.139543 
7.22 -10.698609 -9.3247574 31.334019 
7.23 -10.546005 -8.8721026 31.463359 
7.24 -10.364787 -8.4195524 31.52752 
7.25 -10.158075 -7.9749888 31.527938 
7.26 -9.9294071 -7.5455411 31.467347 
7.27 -9.6826177 -7.1373935 31.349558 
7.28 -9.4217148 -6.7556649 31.179199 
7.29 -9.1507581 -6.4043578 30.961468 
7.3 -8.8737482 -6.0863721 30.701887 
7.31 -8.5945301 -5.8035706 30.406089 
7.32 -8.316714 -5.5568841 30.079636 
7.33 -8.0436154 -5.346442 29.72788 
7.34 -7.7782135 -5.1717161 29.355865 
7.35 -7.5231279 -5.0316654 28.968258 
7.36 -7.2806107 -4.9248756 28.569319 
7.37 -7.052552 -4.8496844 28.162897 
7.38 -6.8404967 -4.8042921 27.752435 
7.39 -6.6456683 -4.7868529 27.341007 
7.4 -6.4689991 -4.7955487 26.931344 
7.41 -6.3111634 -4.8286449 26.525883 
7.42 -6.1726119 -4.8845303 26.126807 
7.43 -6.0536061 -4.9617438 25.736086 
7.44 -5.9542517 -5.0589879 25.35552 
7.45 -5.8745288 -5.1751335 24.986779 
7.46 -5.8143198 -5.3092152 24.631432 
7.47 -5.7734343 -5.4604214 24.290985 
7.48 -5.7516294 -5.6280782 23.966906 
7.49 -5.748627 -5.8116289 23.660648 
7.5 -5.7641273 -6.0106107 23.373673 
7.51 -5.7978184 -6.2246277 23.107473 
7.52 -5.8493826 -6.4533214 22.863579 
7.53 -5.9184986 -6.6963389 22.643581 
7.54 -6.0048412 -6.953298 22.44913 
7.55 -6.1080768 -7.2237505 22.281949 
7.56 -6.227856 -7.5071425 22.143833 
7.57 -6.3638032 -7.802772 22.036644 
7.58 -6.515503 -8.1097448 21.962299 
7.59 -6.6824828 -8.4269279 21.92276 
7.6 -6.8641942 -8.7529014 21.919999 
7.61 -7.0599896 -9.0859106 21.955969 
7.62 -7.2690982 -9.4238188 22.032554 
7.63 -7.4905989 -9.7640645 22.151509 
7.64 -7.7233923 -10.103623 22.314389 
7.65 -7.9661725 -10.438981 22.522456 
7.66 -8.2173989 -10.766122 22.776579 
7.67 -8.4752714 -11.080533 23.077118 
7.68 -8.7377088 -11.377234 23.423799 
7.69 -9.0023339 -11.650845 23.81558 
7.7 -9.2664677 -11.895672 24.250523 
7.71 -9.527135 -12.105852 24.72567 
7.72 -9.7810841 -12.275521 25.23695 
7.73 -10.024823 -12.399031 25.779104 
7.74 -10.254676 -12.471197 26.345674 
7.75 -10.466855 -12.487563 26.929037 
7.76 -10.657557 -12.444684 27.520518 
7.77 -10.823071 -12.340383 28.110572 
7.78 -10.959904 -12.173986 28.689049 
7.79 -11.06491 -11.946487 29.245516 
7.8 -11.135423 -11.660639 29.769635 
7.81 -11.169376 -11.320947 30.25157 
7.82 -11.16541 -10.933549 30.682386 
7.83 -11.122949 -10.506005 31.054415 
7.84 -11.042247 -10.046986 31.361559 
7.85 -10.9244 -9.5659002 31.599496 
7.86 -10.771312 -9.0724776 31.765792 
7.87 -10.585631 -8.5763579 31.85989 
7.88 -10.370651 -8.0867015 31.883003 
7.89 -10.130186 -7.6118595 31.837916 
7.9 -9.8684335 -7.1591215 31.728727 
7.91 -9.5898259 -6.7345484 31.560545 
7.92 -9.2988879 -6.3428956 31.339186 
7.93 -9.0001027 -5.9876147 31.070875 
7.94 -8.697795 -5.6709245 30.761979 
7.95 -8.3960343 -5.3939322 30.418792 
7.96 -8.0985605 -5.1567884 30.047355 
7.97 -7.8087325 -4.9588597 29.653335 
7.98 -7.5294986 -4.7989039 29.24195 
7.99 -7.2633857 -4.6752378 28.817923 
8 -7.012505 -4.58589 28.385482 
8.01 -6.7785705 -4.5287325 27.948374 
8.02 -6.5629278 -4.5015914 27.509899 
8.03 -6.3665888 -4.5023339 27.072956 
8.04 -6.1902709 -4.5289351 26.640095 
8.05 -6.034438 -4.579525 26.213564 
8.06 -5.8993402 -4.6524189 25.795366 
8.07 -5.7850537 -4.7461346 25.387308 
8.08 -5.691516 -4.8593968 24.991039 
8.09 -5.6185593 -4.9911332 24.608097 
8.1 -5.5659391 -5.1404631 24.239944 
8.11 -5.5333588 -5.3066804 23.887998 
8.12 -5.5204907 -5.4892319 23.55366 
8.13 -5.5269916 -5.6876922 23.238342 
8.14 -5.5525161 -5.9017362 22.943487 
8.15 -5.5967238 -6.131108 22.670587 
8.16 -5.6592848 -6.3755886 22.421204 
8.17 -5.7398798 -6.63496 22.196976 
8.18 -5.838198 -6.9089676 21.999635 
8.19 -5.9539302 -7.1972792 21.831006 
8.2 -6.0867597 -7.4994413 21.693014 
8.21 -6.236349 -7.8148323 21.587679 
8.22 -6.4023234 -8.1426125 21.517106 
8.23 -6.5842513 -8.4816707 21.483466 
8.24 -6.7816209 -8.8305699 21.488971 
8.25 -6.9938146 -9.18749 21.535832 
8.26 -7.2200794 -9.5501727 21.62621 
8.27 -7.4594957 -9.9158686 21.762147 
8.28 -7.7109442 -10.281291 21.945479 
8.29 -7.9730717 -10.642579 22.177739 
8.3 -8.2442579 -10.995282 22.460032 
8.31 -8.5225844 -11.334355 22.792902 
8.32 -8.805808 -11.654199 23.176179 
8.33 -9.0913415 -11.948721 23.608823 
8.34 -9.3762451 -12.211452 24.088762 
8.35 -9.6572303 -12.435698 24.612747 
8.36 -9.9306828 -12.614754 25.176226 
8.37 -10.192703 -12.742158 25.773263 
8.38 -10.439172 -12.811989 26.396511 
8.39 -10.665838 -12.819194 27.037261 
8.4 -10.868428 -12.759924 27.685576 
8.41 -11.042783 -12.631848 28.330521 
8.42 -11.184999 -12.434432 28.960484 
8.43 -11.291592 -12.169128 29.563582 
8.44 -11.359645 -11.839469 30.128119 
8.45 -11.386955 -11.451035 30.643083 
8.46 -11.372153 -11.011292 31.098625 
8.47 -11.314792 -10.529297 31.486481 
8.48 -11.215389 -10.015301 31.800318 
8.49 -11.075427 -9.4802772 32.035948 
8.5 -10.897305 -8.9354118 32.191414 
8.51 -10.684249 -8.391606 32.266932 
8.52 -10.440186 -7.8590279 32.264718 
8.53 -10.169581 -7.3467464 32.188708 
8.54 -9.8772775 -6.8624678 32.044218 
8.55 -9.5683162 -6.4123833 31.837569 
8.56 -9.2477728 -6.0011245 31.575716 
8.57 -8.9206068 -5.6318108 31.265904 
8.58 -8.5915341 -5.3061728 30.915372 
8.59 -8.2649261 -5.0247262 30.531121 
8.6 -7.944737 -4.7869756 30.119739 
8.61 -7.6344572 -4.5916294 29.687285 
8.62 -7.3370918 -4.4368087 29.239232 
8.63 -7.0551609 -4.3202402 28.780447 
8.64 -6.7907162 -4.2394249 28.315205 
8.65 -6.5453712 -4.1917796 27.847232 
8.66 -6.3203407 -4.1747511 27.379753 
8.67 -6.1164861 -4.185902 26.915559 
8.68 -5.934363 -4.2229742 26.457067 
8.69 -5.7742696 -4.2839292 26.006386 
8.7 -5.6362935 -4.3669727 25.565375 
8.71 -5.5203554 -4.4705636 25.135698 
8.72 -5.426249 -4.5934119 24.718873 
8.73 -5.3536768 -4.7344685 24.316317 
8.74 -5.3022806 -4.8929074 23.929383 
8.75 -5.2716678 -5.0681043 23.559394 
8.76 -5.2614322 -5.2596102 23.207673 
8.77 -5.271171 -5.467123 22.875569 
8.78 -5.300497 -5.6904569 22.564482 
8.79 -5.3490462 -5.929509 22.275878 
8.8 -5.4164821 -6.1842247 22.011314 
8.81 -5.5024961 -6.4545599 21.772447 
8.82 -5.6068034 -6.7404417 21.561052 
8.83 -5.7291364 -7.0417244 21.379025 
8.84 -5.8692336 -7.3581437 21.228395 
8.85 -6.0268256 -7.6892661 21.111318 
8.86 -6.2016168 -8.0344338 21.030075 
8.87 -6.3932643 -8.3927068 20.987056 
8.88 -6.6013517 -8.7627991 20.984737 
8.89 -6.8253608 -9.1430144 21.025642 
8.9 -7.0646388 -9.5311779 21.112291 
8.91 -7.3183619 -9.9245711 21.247136 
8.92 -7.5854975 -10.31987 21.43247 
8.93 -7.8647633 -10.713092 21.670316 
8.94 -8.1545866 -11.09956 21.962298 
8.95 -8.453065 -11.473886 22.309487 
8.96 -8.7579307 -11.829989 22.712223 
8.97 -9.0665212 -12.161149 23.169928 
8.98 -9.3757613 -12.460113 23.68091 
8.99 -9.6821587 -12.719259 24.242172 
9 -9.9818191 -12.930818 24.84924 
9.01 -10.270484 -13.087163 25.496038 
9.02 -10.543594 -13.181151 26.174819 
9.03 -10.796383 -13.206517 26.876182 
9.04 -11.024004 -13.15828 27.589196 
9.05 -11.221672 -13.033148 28.301638 
9.06 -11.384842 -12.829876 29.000351 
9.07 -11.509395 -12.549538 29.671708 
9.08 -11.591822 -12.195676 30.302171 
9.09 -11.629408 -11.774301 30.878884 
9.1 -11.62038 -11.29372 31.390272 
9.11 -11.564023 -10.764211 31.826583 
9.12 -11.460743 -10.197539 32.180316 
9.13 -11.312079 -9.6063883 32.446515 
9.14 -11.120649 -9.0037355 32.622874 
9.15 -10.890043 -8.4022307 32.709688 
9.16 -10.624678 -7.8136441 32.709626 
9.17 -10.329607 -7.2484134 32.62739 
9.18 -10.01032 -6.7153243 32.469288 
9.19 -9.6725304 -6.2213316 32.242772 
9.2 -9.3219801 -5.7715161 31.955976 
9.21 -8.96426 -5.369158 31.617299 
9.22 -8.6046602 -5.0159007 31.235057 
9.23 -8.2480535 -4.7119756 30.8172 
9.24 -7.8988131 -4.4564593 30.371123 
9.25 -7.5607631 -4.2475389 29.903539 
9.26 -7.2371582 -4.0827665 29.420428 
9.27 -6.9306896 -3.9592887 28.927027 
9.28 -6.6435091 -3.8740447 28.427862 
9.29 -6.3772691 -3.8239288 27.926809 
9.3 -6.1331724 -3.8059176 27.427167 
9.31 -5.9120277 -3.8171642 26.931731 
9.32 -5.7143068 -3.855064 26.442882 
9.33 -5.5402024 -3.9172961 25.962653 
9.34 -5.3896827 -4.001844 25.492808 
9.35 -5.2625419 -4.1070012 25.034899 
9.36 -5.1584462 -4.2313651 24.590324 
9.37 -5.0769742 -4.373821 24.160378 
9.38 -5.0176518 -4.5335212 23.74629 
9.39 -4.9799807 -4.7098581 23.349262 
9.4 -4.9634633 -4.9024359 22.970502 
9.41 -4.9676202 -5.1110389 22.611251 
9.42 -4.9920046 -5.3355988 22.272807 
9.43 -5.0362116 -5.5761608 21.95655 
9.44 -5.0998831 -5.8328477 21.663958 
9.45 -5.1827091 -6.1058225 21.39663 
9.46 -5.2844246 -6.3952485 21.1563 
9.47 -5.4048042 -6.7012465 20.944852 
9.48 -5.5436511 -7.0238482 20.764329 
9.49 -5.7007842 -7.3629454 20.616942 
9.5 -5.8760199 -7.7182336 20.505071 
9.51 -6.0691516 -8.0891508 20.431263 
9.52 -6.2799235 -8.4748098 20.398211 
9.53 -6.508001 -8.8739252 20.408739 
9.54 -6.7529367 -9.2847355 20.465754 
9.55 -7.0141318 -9.7049224 20.572194 
9.56 -7.2907938 -10.131529 20.730949 
9.57 -7.5818899 -10.560884 20.944758 
9.58 -7.8860992 -10.988531 21.216083 
9.59 -8.2017619 -11.40918 21.546951 
9.6 -8.5268315 -11.816682 21.938764 
9.61 -8.8588299 -12.204041 22.392087 
9.62 -9.1948105 -12.563479 22.906419 
9.63 -9.5313334 -12.886556 23.479938 
9.64 -9.8644592 -13.164373 24.109269 
9.65 -10.189764 -13.387841 24.78927 
9.66 -10.502387 -13.548046 25.512861 
9.67 -10.797106 -13.636676 26.270952 
9.68 -11.068452 -13.646514 27.052463 
9.69 -11.310867 -13.571951 27.84449 
9.7 -11.518883 -13.409485 28.632619 
9.71 -11.687341 -13.158161 29.401394 
9.72 -11.811618 -12.819884 30.134921 
9.73 -11.887858 -12.399569 30.817583 
9.74 -11.913184 -11.90509 31.434785 
9.75 -11.885873 -11.34701 31.973696 
9.76 -11.805486 -10.738099 32.423881 
9.77 -11.672919 -10.092692 32.77779 
9.78 -11.490395 -9.4259332 33.03103 
9.79 -11.261372 -8.7529825 33.182418 
9.8 -10.990393 -8.0882704 33.233806 
9.81 -10.682879 -7.4448551 33.189724 
9.82 -10.34489 -6.8339367 33.056882 
9.83 -9.982876 -6.2645525 32.843599 
9.84 -9.6034191 -5.7434532 32.559215 
9.85 -9.2130097 -5.2751429 32.213541 
9.86 -8.8178464 -4.8620499 31.816385 
9.87 -8.4236793 -4.5047895 31.377171 
9.88 -8.0356947 -4.2024802 30.904667 
9.89 -7.6584425 -3.9530776 30.406817 
9.9 -7.295802 -3.7536999 29.890646 
9.91 -6.9509811 -3.6009238 29.362255 
9.92 -6.6265404 -3.4910399 28.826852 
9.93 -6.3244392 -3.4202632 28.288829 
9.94 -6.046093 -3.3848969 27.751851 
9.95 -5.7924402 -3.3814541 27.218959 
9.96 -5.5640118 -3.4067412 26.692673 
9.97 -5.3610008 -3.4579108 26.175089 
9.98 -5.1833288 -3.5324886 25.667963 
9.99 -5.0307077 -3.6283803 25.172795 
10 -4.9026956 -3.7438647 24.69089 
10.01 -4.7987465 -3.8775756 24.223422 
10.02 -4.7182523 -4.0284767 23.771478 
10.03 -4.6605789 -4.1958324 23.336102 
10.04 -4.6250959 -4.3791748 22.918334 
10.05 -4.6112 -4.5782706 22.519234 
10.06 -4.618333 -4.7930861 22.139917 
10.07 -4.6459947 -5.0237529 21.781571 
10.08 -4.6937518 -5.2705318 21.445488 
10.09 -4.7612419 -5.5337774 21.133076 
10.1 -4.8481735 -5.8139004 20.845886 
10.11 -4.9543235 -6.1113283 20.58563 
10.12 -5.0795296 -6.4264628 20.354197 
10.13 -5.2236801 -6.7596337 20.153669 
10.14 -5.3866997 -7.1110472 19.986336 
10.15 -5.5685317 -7.4807288 19.854704 
10.16 -5.7691159 -7.8684581 19.761497 
10.17 -5.9883621 -8.273697 19.709653 
10.18 -6.2261188 -8.6955089 19.70231 
10.19 -6.4821369 -9.1324697 19.742775 
10.2 -6.7560282 -9.5825727 19.834478 
10.21 -7.0472182 -10.043127 19.980899 
10.22 -7.3548937 -10.510658 20.185479 
10.23 -7.6779462 -10.980804 20.451481 
10.24 -8.0149118 -11.448239 20.781835 
10.25 -8.3639089 -11.906602 21.178933 
10.26 -8.7225788 -12.348473 21.644388 
10.27 -9.0880304 -12.765393 22.178757 
10.28 -9.4567959 -13.147959 22.781243 
10.29 -9.8248036 -13.485991 23.449376 
10.3 -10.187374 -13.76881 24.178716 
10.31 -10.539246 -13.985617 24.962585 
10.32 -10.874647 -14.125977 25.791889 
10.33 -11.1874 -14.180404 26.655047 
10.34 -11.471086 -14.140998 27.538089 
10.35 -11.719248 -14.002113 28.42493 
10.36 -11.925639 -13.760963 29.297866 
10.37 -12.084504 -13.418127 30.138252 
10.38 -12.190863 -12.977848 30.927354 
10.39 -12.240797 -12.448094 31.647299 
10.4 -12.231689 -11.84033 32.282036 
10.41 -12.162411 -11.169 32.818212 
10.42 -12.033433 -10.450763 33.245871 
10.43 -11.846834 -9.7035603 33.558893 
10.44 -11.606223 -8.9455971 33.755135 
10.45 -11.316571 -8.194357 33.836271 
10.46 -10.983969 -7.465742 33.807373 
10.47 -10.615339 -6.7734103 33.676288 
10.48 -10.218116 -6.1283526 33.452906 
10.49 -9.7999356 -5.5387123 33.148401 
10.5 -9.368346 -5.0098268 32.774515 
10.51 -8.9305572 -4.5444461 32.34294 
10.52 -8.493243 -4.1430737 31.86484 
10.53 -8.0623977 -3.8043774 31.350504 
10.54 -7.6432473 -3.5256208 30.809137 
10.55 -7.240209 -3.3030791 30.248772 
10.56 -6.8568926 -3.1324125 29.676262 
10.57 -6.4961349 -3.0089846 29.097348 
10.58 -6.1600577 -2.9281181 28.516761 
10.59 -5.8501419 -2.8852909 27.938352 
10.6 -5.5673108 -2.8762765 27.365227 
10.61 -5.3120155 -2.8972372 26.799876 
10.62 -5.0843203 -2.9447791 26.244299 
10.63 -4.883983 -3.0159759 25.700108 
10.64 -4.7105287 -3.1083704 25.168626 
10.65 -4.5633159 -3.2199596 24.650964 
10.66 -4.4415946 -3.3491687 24.148085 
10.67 -4.3445556 -3.4948182 23.660859 
10.68 -4.2713722 -3.6560874 23.190112 
10.69 -4.2212342 -3.8324756 22.736657 
10.7 -4.1933744 -4.0237643 22.301331 
10.71 -4.1870903 -4.2299789 21.885022 
10.72 -4.2017589 -4.4513528 21.488692 
10.73 -4.2368472 -4.6882911 21.113401 
10.74 -4.2919185 -4.9413366 20.760331 
10.75 -4.3666345 -5.2111344 20.430807 
10.76 -4.460754 -5.4983969 20.126316 
10.77 -4.5741283 -5.8038663 19.848535 
10.78 -4.7066933 -6.1282745 19.599345 
10.79 -4.8584585 -6.4722987 19.380859 
10.8 -5.0294922 -6.8365111 19.195437 
10.81 -5.2199033 -7.2213213 19.045707 
10.82 -5.4298186 -7.6269105 18.934574 
10.83 -5.6593565 -8.0531551 18.865229 
10.84 -5.9085935 -8.499539 18.841146 
10.85 -6.1775272 -8.9650547 18.866062 
10.86 -6.4660313 -9.4480917 18.94395 
10.87 -6.7738039 -9.9463149 19.078955 
10.88 -7.1003097 -10.456535 19.275309 
10.89 -7.4447138 -10.974574 19.53721 
10.9 -7.8058106 -11.495142 19.868655 
10.91 -8.1819467 -12.011719 20.273226 
10.92 -8.5709432 -12.516476 20.753824 
10.93 -8.9700183 -13.000241 21.312346 
10.94 -9.3757185 -13.452539 21.949322 
10.95 -9.7838639 -13.861723 22.663509 
10.96 -10.189517 -14.215227 23.451477 
10.97 -10.586986 -14.49996 24.307221 
10.98 -10.969868 -14.702843 25.22183 
10.99 -11.331157 -14.811493 26.18329 
11 -11.663397 -14.81503 27.17646 
11.01 -11.958916 -14.704944 28.183286 
11.02 -12.210112 -14.475952 29.183292 
11.03 -12.40979 -14.126756 30.154346 
11.04 -12.551533 -13.660581 31.073687 
11.05 -12.63007 -13.085406 31.91914 
11.06 -12.641617 -12.413814 32.670392 
11.07 -12.584149 -11.662445 33.310214 
11.08 -12.45758 -10.851078 33.825471 
11.09 -12.263814 -10.001431 34.207803 
11.1 -12.006686 -9.135828 34.453909 
11.11 -11.691761 -8.2758656 34.565397 
11.12 -11.326049 -7.4412341 34.54827 
11.13 -10.917633 -6.6488042 34.412118 
11.14 -10.475274 -5.9120401 34.16914 
11.15 -10.008003 -5.2407533 33.833132 
11.16 -9.5247504 -4.641163 33.418527 
11.17 -9.0340251 -4.1161994 32.939585 
11.18 -8.543666 -3.6659731 32.409772 
11.19 -8.0606617 -3.2883302 31.841327 
11.2 -7.5910449 -2.9794274 31.245024 
11.21 -7.1398489 -2.734276 30.630079 
11.22 -6.7111173 -2.5472213 30.004185 
11.23 -6.3079554 -2.41234 29.373622 
11.24 -5.932609 -2.3237524 28.743414 
11.25 -5.5865625 -2.275852 28.117515 
11.26 -5.2706452 -2.2634637 27.498988 
11.27 -4.9851402 -2.2819419 26.89018 
11.28 -4.7298894 -2.3272208 26.292877 
11.29 -4.5043914 -2.395829 25.708436 
11.3 -4.3078909 -2.4848782 25.1379 
11.31 -4.1394563 -2.5920345 24.582083 
11.32 -3.998048 -2.715479 24.04165 
11.33 -3.8825754 -2.8538621 23.517174 
11.34 -3.791944 -3.0062563 23.009179 
11.35 -3.7250935 -3.1721087 22.518183 
11.36 -3.6810285 -3.3511957 22.044723 
11.37 -3.6588409 -3.5435805 21.589387 
11.38 -3.6577274 -3.7495734 21.15283 
11.39 -3.6770014 -3.9696963 20.735801 
11.4 -3.7160999 -4.2046484 20.339159 
11.41 -3.7745874 -4.4552755 19.963899 
11.42 -3.8521561 -4.7225392 19.611165 
11.43 -3.9486236 -5.0074873 19.282282 
11.44 -4.0639273 -5.3112227 18.978774 
11.45 -4.198117 -5.6348697 18.702393 
11.46 -4.3513441 -5.9795368 18.455143 
11.47 -4.5238488 -6.3462732 18.239311 
11.48 -4.7159432 -6.736018 18.057491 
11.49 -4.9279915 -7.14954 17.912614 
11.5 -5.1603852 -7.5873651 17.807967 
11.51 -5.4135134 -8.0496903 17.747215 
11.52 -5.6877271 -8.5362821 17.734403 
11.53 -5.983296 -9.0463569 17.773956 
11.54 -6.3003574 -9.5784443 17.870645 
11.55 -6.6388562 -10.130231 18.029539 
11.56 -6.9984752 -10.698394 18.255913 
11.57 -7.3785544 -11.278416 18.555116 
11.58 -7.7780021 -11.864408 18.932375 
11.59 -8.1951965 -12.448939 19.392542 
11.6 -8.6278829 -13.022899 19.939762 
11.61 -9.0730693 -13.575418 20.577067 
11.62 -9.5269289 -14.093875 21.305892 
11.63 -9.984718 -14.564033 22.125532 
11.64 -10.440722 -14.970326 23.032571 
11.65 -10.888245 -15.296354 24.020323 
11.66 -11.319653 -15.525585 25.078354 
11.67 -11.726496 -15.642269 26.192168 
11.68 -12.099711 -15.632541 27.343135 
11.69 -12.429917 -15.48562 28.508763 
11.7 -12.7078 -15.195012 29.663365 
11.71 -12.924563 -14.759551 30.779132 
11.72 -13.072423 -14.184122 31.827585 
11.73 -13.145111 -13.479929 32.78128 
11.74 -13.138315 -12.664186 33.615586 
11.75 -13.050027 -11.759235 34.310336 
11.76 -12.880752 -10.791143 34.851122 
11.77 -12.633536 -9.7879446 35.230072 
11.78 -12.313822 -8.7777531 35.446012 
11.79 -11.92914 -7.7869615 35.504031 
11.8 -11.488671 -6.8387527 35.414534 
11.81 -11.002729 -5.9520501 35.191966 
11.82 -10.482214 -5.140969 34.853382 
11.83 -9.9380997 -4.4147455 34.41706 
11.84 -9.380966 -3.7780617 33.901279 
11.85 -8.8206369 -3.2316488 33.323372 
11.86 -8.2659101 -2.7730476 32.699062 
11.87 -7.7243902 -2.3974157 32.042082 
11.88 -7.2024138 -2.0982984 31.364034 
11.89 -6.7050501 -1.8683091 30.674424 
11.9 -6.2361608 -1.6996885 29.980833 
11.91 -5.7985021 -1.5847389 29.289141 
11.92 -5.3938512 -1.5161376 28.603799 
11.93 -5.0231466 -1.4871463 27.928085 
11.94 -4.6866295 -1.4917352 27.264357 
11.95 -4.3839813 -1.5246408 26.61426 
11.96 -4.1144506 -1.5813753 25.97891 
11.97 -3.8769668 -1.6582024 25.359042 
11.98 -3.6702403 -1.752091 24.755126 
11.99 -3.4928477 -1.8606566 24.167457 
12 -3.3433025 -1.9820975 23.596226 
12.01 -3.220114 -2.1151294 23.041568 
12.02 -3.1218337 -2.2589225 22.503602 
12.03 -3.0470913 -2.4130439 21.982464 
12.04 -2.9946228 -2.5774037 21.478324 
12.05 -2.963291 -2.7522091 20.991406 
12.06 -2.9520987 -2.9379227 20.522006 
12.07 -2.960199 -3.1352273 20.070502 
12.08 -2.9868998 -3.3449957 19.637375 
12.09 -3.031666 -3.5682641 19.223218 
12.1 -3.0941192 -3.8062094 18.828759 
12.11 -3.1740346 -4.0601285 18.454875 
12.12 -3.2713375 -4.3314185 18.10262 
12.13 -3.3860973 -4.6215576 17.773246 
12.14 -3.5185204 -4.9320833 17.468228 
12.15 -3.668942 -5.2645685 17.189304 
12.16 -3.8378154 -5.6205922 16.938502 
12.17 -4.0257001 -6.0017035 16.718178 
12.18 -4.2332463 -6.4093761 16.531062 
12.19 -4.4611769 -6.8449512 16.38029 
12.2 -4.7102643 -7.3095653 16.269453 
12.21 -4.9813019 -7.8040608 16.20263 
12.22 -5.2750695 -8.3288746 16.184423 
12.23 -5.592289 -8.8839029 16.219974 
12.24 -5.9335712 -9.4683381 16.31497 
12.25 -6.2993503 -10.080477 16.475614 
12.26 -6.6898048 -10.717502 16.708565 
12.27 -7.1047643 -11.37523 17.020824 
12.28 -7.5435999 -12.047851 17.419541 
12.29 -8.0051 -12.727654 17.911759 
12.3 -8.487332 -13.404774 18.504029 
12.31 -8.9874954 -14.066982 19.201933 
12.32 -9.5017729 -14.699566 20.009462 
12.33 -10.025191 -15.285359 20.928293 
12.34 -10.551504 -15.804966 21.956962 
12.35 -11.073129 -16.237262 23.090004 
12.36 -11.581138 -16.560207 24.317136 
12.37 -12.065361 -16.752011 25.622597 
12.38 -12.51459 -16.792629 26.984805 
12.39 -12.916933 -16.665499 28.376459 
12.4 -13.260296 -16.359386 29.765239 
12.41 -13.532992 -15.870076 31.115159 
12.42 -13.724443 -15.201686 32.388558 
12.43 -13.8259 -14.367292 33.548576 
12.44 -13.831117 -13.388692 34.561839 
12.45 -13.736898 -12.295225 35.40101 
12.46 -13.543424 -11.121731 36.046828 
12.47 -13.254339 -9.9059189 36.489322 
12.48 -12.87655 -8.6854895 36.728058 
12.49 -12.419781 -7.4954348 36.771399 
12.5 -11.895941 -6.365845 36.634984 
12.51 -11.318368 -5.3204544 36.339707 
12.52 -10.701055 -4.3759981 35.909524 
12.53 -10.057917 -3.54231 35.369388 
12.54 -9.4021714 -2.8230012 34.74354 
12.55 -8.7458646 -2.2165069 34.054246 
12.56 -8.0995445 -1.7172999 33.321015 
12.57 -7.4720872 -1.3171017 32.560249 
12.58 -6.8706481 -1.0059754 31.785216 
12.59 -6.3007137 -0.77323513 31.006268 
12.6 -5.7662241 -0.6081506 30.231196 
12.61 -5.2697427 -0.50045314 29.465636 
12.62 -4.8126481 -0.44066883 28.713494 
12.63 -4.395333 -0.42031102 27.97733 
12.64 -4.0173963 -0.43196574 27.258697 
12.65 -3.6778224 -0.4693 26.558417 
12.66 -3.3751402 -0.52701847 25.876808 
12.67 -3.1075618 -0.60078823 25.213848 
12.68 -2.8731002 -0.68714636 24.569308 
12.69 -2.669666 -0.78340099 23.942841 
12.7 -2.4951455 -0.88753301 23.334047 
12.71 -2.347463 -0.99810287 22.742513 
12.72 -2.224628 -1.1141655 22.167847 
12.73 -2.12477 -1.2351943 21.609688 
12.74 -2.0461641 -1.3610152 21.067724 
12.75 -1.9872477 -1.4917505 20.541696 
12.76 -1.9466308 -1.6277713 20.031399 
12.77 -1.9231018 -1.7696591 19.53669 
12.78 -1.9156281 -1.9181751 19.057491 
12.79 -1.923356 -2.0742352 18.593789 
12.8 -1.9456065 -2.2388924 18.145645 
12.81 -1.9818718 -2.4133228 17.713203 
12.82 -2.0318098 -2.5988166 17.296693 
12.83 -2.0952389 -2.7967718 16.896448 
12.84 -2.1721331 -3.0086911 16.512917 
12.85 -2.2626166 -3.2361794 16.146682 
12.86 -2.3669596 -3.4809434 15.798478 
12.87 -2.4855738 -3.7447894 15.469219 
12.88 -2.6190083 -4.0296218 15.160024 
12.89 -2.7679458 -4.3374375 14.872254 
12.9 -2.9331983 -4.6703173 14.60755 
12.91 -3.1157018 -5.0304119 14.367878 
12.92 -3.3165107 -5.4199194 14.155577 
12.93 -3.5367889 -5.8410533 13.973421 
12.94 -3.7777996 -6.2959961 13.824679 
12.95 -4.0408891 -6.7868367 13.713184 
12.96 -4.3274668 -7.3154846 13.64341 
12.97 -4.6389763 -7.8835577 13.62054 
12.98 -4.9768581 -8.4922363 13.65054 
12.99 -5.3424995 -9.1420777 13.74022 
13 -5.7371693 -9.8327835 13.897273 
13.01 -6.1619346 -10.562915 14.130287 
13.02 -6.6175553 -11.329552 14.448695 
13.03 -7.1043537 -12.127899 14.862659 
13.04 -7.6220561 -12.950833 15.382846 
13.05 -8.1696056 -13.788433 16.020057 
13.06 -8.7449469 -14.627502 16.784696 
13.07 -9.3447885 -15.451145 17.686007 
13.08 -9.964353 -16.23848 18.73109 
13.09 -10.597134 -16.964582 19.923679 
13.1 -11.234688 -17.600788 21.262707 
13.11 -11.866495 -18.115485 22.740782 
13.12 -12.47994 -18.475526 24.342714 
13.13 -13.060462 -18.648302 26.044342 
13.14 -13.591915 -18.604464 27.81197 
13.15 -14.057182 -18.321091 29.602737 
13.16 -14.439038 -17.784963 31.36616 
13.17 -14.721227 -16.99541 33.046982 
13.18 -14.889664 -15.966175 34.589169 
13.19 -14.933628 -14.725745 35.940622 
13.2 -14.846793 -13.315869 37.057925 
13.21 -14.627921 -11.788297 37.910332 
13.22 -14.281121 -10.200198 38.482275 
13.23 -13.815601 -8.6089848 38.773984 
13.24 -13.24497 -7.0674138 38.800166 
13.25 -12.586173 -5.6197015 38.587145 
13.26 -11.858233 -4.2991242 38.169084 
13.27 -11.080963 -3.1272074 37.583992 
13.28 -10.273789 -2.1143057 36.870147 
13.29 -9.4547927 -1.2611743 36.063307 
13.3 -8.6400284 -0.56107582 35.194878 
13.31 -7.8431093 -0.0020157584 34.290996 
13.32 -7.0750418 0.43119237 33.372351 
13.33 -6.344257 0.75520353 32.454528 
13.34 -5.6567824 0.98682543 31.548668 
13.35 -5.0165036 1.1420996 30.662252 
13.36 -4.4254716 1.2357251 29.799899 
13.37 -3.8842214 1.2807525 28.964086 
13.38 -3.3920803 1.2884759 28.155771 
13.39 -2.9474487 1.2684598 27.374878 
13.4 -2.5480486 1.22865 26.620684 
13.41 -2.1911347 1.1755308 25.892089 
13.42 -1.8736694 1.1143027 25.187817 
13.43 -1.5924643 1.0490619 24.506541 
13.44 -1.3442907 0.98297326 23.846969 
13.45 -1.1259646 0.91842763 23.207886 
13.46 -0.93440947 0.85718336 22.58818 
13.47 -0.76669937 0.80048958 21.986848 
13.48 -0.62008842 0.74919237 21.402992 
13.49 -0.49202726 0.7038247 20.835812 
13.5 -0.38017047 0.66468189 20.284598 
13.51 -0.28237666 0.63188405 19.748713 
13.52 -0.19670312 0.60542732 19.227584 
13.53 -0.12139669 0.58522539 18.720696 
13.54 -0.05488187 0.57114287 18.227576 
13.55 0.0042527726 0.56302185 17.747793 
13.56 0.057269086 0.56070277 17.280947 
13.57 0.10529425 0.56404074 16.826665 
13.58 0.14933564 0.57291815 16.3846 
13.59 0.19029527 0.58725439 15.954425 
13.6 0.22898376 0.60701344 15.535833 
13.61 0.26613357 0.63220968 15.128534 
13.62 0.30241146 0.66291263 14.732255 
13.63 0.33843016 0.69925088 14.34674 
13.64 0.37475934 0.74141561 13.971751 
13.65 0.41193584 0.78966395 13.607067 
13.66 0.45047316 0.84432239 13.252483 
13.67 0.49087056 0.90579049 12.907817 
13.68 0.53362148 0.97454499 12.572909 
13.69 0.57922169 1.0511445 12.247622 
13.7 0.62817714 1.1362349 11.931848 
13.71 0.68101152 1.2305554 11.625512 
13.72 0.73827386 1.3349454 11.328575 
13.73 0.80054599 1.4503528 11.041042 
13.74 0.86845013 1.5778422 10.762969 
13.75 0.94265668 1.7186054 10.494473 
13.76 1.0238922 1.8739713 10.235741 
13.77 1.1129478 2.0454186 9.9870486 
13.78 1.2106875 2.2345874 9.748772 
13.79 1.3180578 2.4432931 9.5214114 
13.8 1.4360968 2.6735392 9.3056151 
13.81 1.5659441 2.9275314 9.10221 
13.82 1.708851 3.20769 8.9122384 
13.83 1.8661911 3.5166611 8.7370023 
13.84 2.03947 3.8573252 8.5781169 
13.85 2.2303361 4.2328007 8.4375751 
13.86 2.4405888 4.6464407 8.3178244 
13.87 2.6721863 5.1018199 8.2218578 
13.88 2.9272502 5.602706 8.1533221 
13.89 3.2080664 6.1530113 8.1166436 
13.9 3.5170795 6.7567165 8.1171735 
13.91 3.8568791 7.4177557 8.161352 
13.92 4.2301741 8.1398519 8.2568908 
13.93 4.6397507 8.9262861 8.4129679 
13.94 5.0884084 9.7795819 8.6404244 
13.95 5.5788673 10.701085 8.9519491 
13.96 6.1136378 11.69041 9.36222 
13.97 6.6948439 12.744745 9.8879654 
13.98 7.3239871 13.857974 10.547884 
13.99 8.0016436 15.019645 11.362342 
14 8.7270825 16.213781 12.35275 
14.01 9.4978039 17.417621 13.540486 
14.02 10.309002 18.60041 14.945249 
14.03 11.152975 19.722469 16.58271 
14.04 12.018531 20.734871 18.461441 
14.05 12.890462 21.580135 20.579197 
14.06 13.749204 22.19442 22.91885 
14.07 14.57083 22.51162 25.4446 
14.08 15.327533 22.469542 28.099345 
14.09 15.988736 22.017849 30.804335 
14.1 16.522913 21.126822 33.462194 
14.11 16.900036 19.795304 35.963885 
14.12 17.094426 18.055763 38.199318 
14.13 17.087601 15.974607 40.0701 
14.14 16.870602 13.646796 41.501913 
14.15 16.445334 11.185327 42.453698 
14.16 15.824598 8.7076422 42.921445 
14.17 15.030811 6.3219773 42.93586 
14.18 14.093652 4.1164805 42.554869 
14.19 13.047122 2.1529402 41.853164 
14.2 11.926515 0.46547166 40.911344 
14.21 10.765779 -0.93672843 39.806761 
14.22 9.5955023 -2.0641278 38.607203 
14.23 8.4416677 -2.9407183 37.367613 
14.24 7.3250835 -3.5982315 36.12936 
14.25 6.2613801 -4.0714247 34.921265 
14.26 5.2613889 -4.3946834 33.761601 
14.27 4.3317482 -4.5998675 32.660414 
14.28 3.4756044 -4.7151631 31.621763 
14.29 2.693319 -4.764663 30.645648 
14.3 1.9831239 -4.7684178 29.729534 
14.31 1.3416941 -4.7427596 28.869495 
14.32 0.76462873 -4.7007548 28.061018 
14.33 0.24684043 -4.6526941 27.299524 
14.34 -0.21713846 -4.6065674 26.580702 
14.35 -0.63292187 -4.5684939 25.900688 
14.36 -1.0060968 -4.5430974 25.256141 
14.37 -1.3420992 -4.5338249 24.644269 
14.38 -1.64613 -4.543212 24.062806 
14.39 -1.9231011 -4.5731007 23.509979 
14.4 -2.1776063 -4.6248161 22.984458 
14.41 -2.4139089 -4.6993082 22.485315 
14.42 -2.6359436 -4.7972635 22.011983 
14.43 -2.8473267 -4.9191925 21.564221 
14.44 -3.0513734 -5.0654953 21.142091 
14.45 -3.2511179 -5.2365091 20.745938 
14.46 -3.4493361 -5.4325406 20.376382 
14.47 -3.6485684 -5.6538835 20.034313 
14.48 -3.8511408 -5.900824 19.720891 
14.49 -4.0591848 -6.1736343 19.437558 
14.5 -4.2746534 -6.4725539 19.186046 
14.51 -4.4993339 -6.79776 18.968391 
14.52 -4.7348558 -7.1493248 18.786945 
14.53 -4.982693 -7.5271611 18.644392 
14.54 -5.2441604 -7.930953 18.543753 
14.55 -5.5204035 -8.3600732 18.488393 
14.56 -5.8123799 -8.8134848 18.482012 
14.57 -6.1208333 -9.289627 18.528617 
14.58 -6.4462574 -9.7862874 18.632488 
14.59 -6.7888514 -10.30046 18.798098 
14.6 -7.1484647 -10.828196 19.030013 
14.61 -7.5245339 -11.364449 19.332739 
14.62 -7.9160095 -11.902933 19.710527 
14.63 -8.3212788 -12.435992 20.167115 
14.64 -8.7380843 -12.954524 20.705409 
14.65 -9.1634453 -13.447949 21.327103 
14.66 -9.5935896 -13.904285 22.032253 
14.67 -10.023902 -14.310329 22.818808 
14.68 -10.448905 -14.651993 23.682141 
14.69 -10.862278 -14.914798 24.614625 
14.7 -11.25693 -15.084548 25.605303 
14.71 -11.625142 -15.148163 26.639721 
14.72 -11.958778 -15.094625 27.700006 
14.73 -12.249565 -14.915978 28.765223 
14.74 -12.48945 -14.608266 29.812075 
14.75 -12.670993 -14.1723 30.815907 
14.76 -12.787791 -13.61412 31.751986 
14.77 -12.834883 -12.945061 32.59694 
14.78 -12.809099 -12.181349 33.330195 
14.79 -12.709319 -11.34325 33.935266 
14.8 -12.536607 -10.453837 34.400711 
14.81 -12.294194 -9.5375102 34.720668 
14.82 -11.987331 -8.6184599 34.894885 
14.83 -11.623001 -7.7192273 34.92829 
14.84 -11.209538 -6.8595357 34.830181 
14.85 -10.75619 -6.0554784 34.613161 
14.86 -10.272662 -5.3191051 34.29198 
14.87 -9.7686856 -4.6583821 33.882404 
14.88 -9.2536341 -4.0774633 33.400231 
14.89 -8.7362202 -3.5771803 32.860517 
14.9 -8.2242705 -3.1556588 32.277023 
14.91 -7.7245841 -2.8089752 31.661894 
14.92 -7.2428662 -2.5317909 31.02552 
14.93 -6.783726 -2.3179162 30.37655 
14.94 -6.3507233 -2.1607836 29.722006 
14.95 -5.9464514 -2.0538194 29.067465 
14.96 -5.5726423 -1.9907202 28.41726 
14.97 -5.2302846 -1.9656432 27.774701 
14.98 -4.9197441 -1.9733247 27.142269 
14.99 -4.6408815 -2.0091422 26.521799 
15 -4.3931629 -2.0691341 25.914637 
15.01 -4.1757597 -2.1499877 25.321764 
15.02 -3.9876373 -2.2490081 24.743907 
15.03 -3.8276309 -2.364073 24.181616 
15.04 -3.6945105 -2.493582 23.635331 
15.05 -3.5870337 -2.6364028 23.105438 
15.06 -3.5039894 -2.7918181 22.592301 
15.07 -3.4442311 -2.9594753 22.096296 
15.08 -3.4067039 -3.1393401 21.617841 
15.09 -3.3904636 -3.3316533 21.157412 
15.1 -3.3946905 -3.5368933 20.715563 
15.11 -3.4186984 -3.7557413 20.292951 
15.12 -3.46194 -3.9890501 19.890346 
15.13 -3.5240082 -4.2378163 19.508657 
15.14 -3.6046354 -4.5031528 19.14895 
15.15 -3.7036899 -4.7862627 18.812473 
15.16 -3.8211705 -5.0884122 18.500676 
15.17 -3.9571981 -5.4109007 18.215247 
15.18 -4.1120064 -5.7550278 17.958133 
15.19 -4.2859288 -6.1220539 17.731573 
15.2 -4.4793831 -6.5131535 17.538135 
15.21 -4.6928528 -6.9293585 17.380741 
15.22 -4.926864 -7.3714889 17.262702 
15.23 -5.1819571 -7.8400688 17.187743 
15.24 -5.4586526 -8.3352254 17.16002 
15.25 -5.7574097 -8.856568 17.184129 
15.26 -6.0785759 -9.4030463 17.265094 
15.27 -6.4223272 -9.9727861 17.408331 
15.28 -6.7885974 -10.562905 17.619575 
15.29 -7.1769952 -11.169312 17.904765 
15.3 -7.5867105 -11.786492 18.269868 
15.31 -8.0164079 -12.407303 18.720637 
15.32 -8.4641129 -13.022783 19.262282 
15.33 -8.9270923 -13.622012 19.89905 
15.34 -9.4017363 -14.192054 20.633723 
15.35 -9.8834514 -14.718013 21.467014 
15.36 -10.366578 -15.183271 22.396922 
15.37 -10.844348 -15.569919 23.418056 
15.38 -11.308895 -15.859454 24.521016 
15.39 -11.751351 -16.033717 25.691915 
15.4 -12.162027 -16.076091 26.912145 
15.41 -12.530705 -15.972862 28.158494 
15.42 -12.847031 -15.714646 29.403718 
15.43 -13.101009 -15.297711 30.617597 
15.44 -13.283553 -14.724992 31.768477 
15.45 -13.38707 -14.006625 32.825171 
15.46 -13.405998 -13.159821 33.759043 
15.47 -13.337256 -12.208053 34.546017 
15.48 -13.180533 -11.179572 35.168247 
15.49 -12.938392 -10.105441 35.615205 
15.5 -12.616152 -9.017327 35.884058 
15.51 -12.221582 -7.945345 35.979308 
15.52 -11.764426 -6.9162122 35.911787 
15.53 -11.255822 -5.9519144 35.697204 
15.54 -10.707681 -5.0689666 35.354482 
15.55 -10.132075 -4.2782583 34.904099 
15.56 -9.5407085 -3.5853894 34.366631 
15.57 -8.9444716 -2.9913574 33.761595 
15.58 -8.3531281 -2.4934434 33.106658 
15.59 -7.775112 -2.0861612 32.417175 
15.6 -7.2174358 -1.7621655 31.706023 
15.61 -6.6856886 -1.5130496 30.983648 
15.62 -6.1841033 -1.3299985 30.258272 
15.63 -5.7156722 -1.2042901 29.536169 
15.64 -5.2822923 -1.1276528 28.821985 
15.65 -4.8849248 -1.092499 28.119049 
15.66 -4.523756 -1.0920599 27.429659 
15.67 -4.1983527 -1.120443 26.755336 
15.68 -3.9078046 -1.1726345 26.097027 
15.69 -3.6508523 -1.2444648 25.45527 
15.7 -3.425998 -1.33255 24.830332 
15.71 -3.2315996 -1.4342211 24.2223 
15.72 -3.0659487 -1.5474478 23.631156 
15.73 -2.927334 -1.6707624 23.056832 
15.74 -2.8140919 -1.8031878 22.49925 
15.75 -2.724645 -1.9441712 21.958342 
15.76 -2.6575315 -2.0935245 21.434079 
15.77 -2.6114264 -2.2513725 20.926479 
15.78 -2.5851558 -2.4181083 20.435624 
15.79 -2.5777065 -2.594355 19.961667 
15.8 -2.5882308 -2.7809348 19.504846 
15.81 -2.6160485 -2.9788429 19.065491 
15.82 -2.6606463 -3.1892257 18.644041 
15.83 -2.7216753 -3.4133639 18.241059 
15.84 -2.7989478 -3.6526568 17.857245 
15.85 -2.8924321 -3.9086096 17.49346 
15.86 -3.0022476 -4.1828205 17.150749 
15.87 -3.1286581 -4.4769668 16.830367 
15.88 -3.2720654 -4.7927895 16.53381 
15.89 -3.4330008 -5.1320734 16.262851 
15.9 -3.6121162 -5.4966221 16.01958 
15.91 -3.8101726 -5.8882243 15.806443 
15.92 -4.0280263 -6.3086107 15.626296 
15.93 -4.266612 -6.7593967 15.48245 
15.94 -4.5269204 -7.2420086 15.378722 
15.95 -4.8099709 -7.7575897 15.319488 
15.96 -5.1167765 -8.306881 15.309722 
15.97 -5.4482987 -8.8900736 15.355037 
15.98 -5.805392 -9.5066283 15.461699 
15.99 -6.1887345 -10.155059 15.636613 
16 -6.5987422 -10.832678 15.887273 
16.01 -7.0354663 -11.535308 16.221655 
16.02 -7.4984706 -12.256965 16.648023 
16.03 -7.9866898 -12.989519 17.174652 
16.04 -8.4982697 -13.722375 17.809414 
16.05 -9.0303933 -14.442189 18.559229 
16.06 -9.5791007 -15.132684 19.429358 
16.07 -10.139116 -15.774623 20.422545 
16.08 -10.703699 -16.346022 21.538025 
16.09 -11.264547 -16.822689 22.770463 
16.1 -11.811773 -17.179154 24.108929 
16.11 -12.334 -17.390038 25.536047 
16.12 -12.818594 -17.431852 27.027506 
16.13 -13.252064 -17.285129 28.552136 
16.14 -13.620637 -16.936688 30.07272 
16.15 -13.910988 -16.381752 31.547644 
16.16 -14.111079 -15.62555 32.933358 
16.17 -14.211035 -14.684066 34.187449 
16.18 -14.20395 -13.58367 35.271963 
16.19 -14.08653 -12.359542 36.156519 
16.2 -13.859463 -11.053032 36.820709 
16.21 -13.527473 -9.7083137 37.255421 
16.22 -13.099029 -8.3688326 37.462887 
16.23 -12.585762 -7.0740584 37.455523 
16.24 -12.001651 -5.8569845 37.25384 
16.25 -11.36211 -4.7426122 36.883819 
16.26 -10.683052 -3.7474623 36.374209 
16.27 -9.9800525 -2.8799781 35.754081 
16.28 -9.2676578 -2.1415753 35.050911 
16.29 -8.5588809 -1.5280572 34.289259 
16.3 -7.8648878 -1.0311432 33.490054 
16.31 -7.1948555 -0.63991524 32.670374 
16.32 -6.5559724 -0.34206488 31.843588 
16.33 -5.9535454 -0.12488283 31.019743 
16.34 -5.3911781 0.024012786 30.206063 
16.35 -4.8709894 0.1161853 29.40748 
16.36 -4.3938482 0.16208463 28.627146 
16.37 -3.9596065 0.17090389 27.866879 
16.38 -3.5673182 0.15054569 27.127536 
16.39 -3.2154359 0.10766268 26.409316 
16.4 -2.9019838 0.047744233 25.711984 
16.41 -2.6247033 -0.024771589 25.035044 
16.42 -2.3811744 -0.10637557 24.377855 
16.43 -2.1689134 -0.19436448 23.739721 
16.44 -1.9854499 -0.28672409 23.119936 
16.45 -1.8283859 -0.38202182 22.517824 
16.46 -1.6954393 -0.47931085 21.932753 
16.47 -1.5844755 -0.57804638 21.364147 
16.48 -1.4935273 -0.67801395 20.811487 
16.49 -1.4208081 -0.77926905 20.274309 
16.5 -1.3647174 -0.8820872 19.752207 
16.51 -1.3238422 -0.98692359 19.244824 
16.52 -1.2969549 -1.0943809 18.751853 
16.53 -1.2830078 -1.2051848 18.273033 
16.54 -1.2811274 -1.3201653 17.808153 
16.55 -1.2906068 -1.4402441 17.357044 
16.56 -1.310898 -1.5664262 16.919588 
16.57 -1.3416049 -1.6997957 16.495721 
16.58 -1.3824758 -1.8415147 16.085433 
16.59 -1.4333974 -1.9928249 15.688778 
16.6 -1.4943895 -2.1550519 15.305884 
16.61 -1.5656003 -2.32961 14.936959 
16.62 -1.6473031 -2.51801 14.58231 
16.63 -1.739894 -2.7218661 14.242354 
16.64 -1.8438901 -2.9429043 13.91764 
16.65 -1.9599296 -3.1829703 13.60887 
16.66 -2.0887715 -3.4440359 13.316929 
16.67 -2.2312965 -3.7282046 13.042915 
16.68 -2.3885082 -4.0377138 12.788178 
16.69 -2.5615341 -4.374933 12.554365 
16.7 -2.7516259 -4.7423565 12.343472 
16.71 -2.9601591 -5.1425877 12.157908 
16.72 -3.1886302 -5.5783125 12.000558 
16.73 -3.4386514 -6.0522582 11.874873 
16.74 -3.7119405 -6.5671333 11.784948 
16.75 -4.0103055 -7.1255421 11.735628 
16.76 -4.3356205 -7.7298678 11.732611 
16.77 -4.6897911 -8.3821156 11.782554 
16.78 -5.0747062 -9.0837055 11.893176 
16.79 -5.4921708 -9.8352056 12.073351 
16.8 -5.9438181 -10.635995 12.333164 
16.81 -6.4309924 -11.483844 12.683918 
16.82 -6.9546004 -12.374416 13.138064 
16.83 -7.514924 -13.300674 13.708997 
16.84 -8.111392 -14.252227 14.410692 
16.85 -8.7423083 -15.214636 15.257106 
16.86 -9.4045411 -16.168749 16.261291 
16.87 -10.093183 -17.090151 17.43417 
16.88 -10.801203 -17.948896 18.782946 
16.89 -11.519128 -18.709672 20.309166 
16.9 -12.234794 -19.33264 22.006549 
16.91 -12.933252 -19.775136 23.858789 
16.92 -13.596883 -19.99439 25.837691 
16.93 -14.205819 -19.951246 27.902094 
16.94 -14.738707 -19.614672 29.998102 
16.95 -15.173865 -18.966518 32.061094 
16.96 -15.49074 -18.005736 34.019692 
16.97 -15.671585 -16.751119 35.801535 
16.98 -15.703117 -15.241713 37.340134 
16.99 -15.577925 -13.534414 38.581729 
17 -15.295387 -11.698901 39.490824 
17.01 -14.861912 -9.8106875 40.053316 
17.02 -14.290461 -7.9435646 40.276635 
17.03 -13.599419 -6.1628156 40.187023 
17.04 -12.811014 -4.5202921 39.824717 
17.05 -11.949534 -3.0519075 39.23815 
17.06 -11.039586 -1.7774959 38.478293 
17.07 -10.104609 -0.70253013 37.593972 
17.08 -9.1657524 0.17902618 36.628604 
17.09 -8.2411516 0.88144733 35.618414 
17.1 -7.3455888 1.4241127 34.591898 
17.11 -6.4904578 1.8288541 33.570198 
17.12 -5.6839566 2.1179281 32.568034 
17.13 -4.9314234 2.3126137 31.594874 
17.14 -4.2357474 2.4323504 30.656128 
17.15 -3.5978012 2.4942995 29.754244 
17.16 -3.0168579 2.5132072 28.889627 
17.17 -2.4909711 2.5014677 28.061359 
17.18 -2.0173074 2.4693034 27.267751 
17.19 -1.5924251 2.4250066 26.506727 
17.2 -1.2125042 2.375201 25.776094 
17.21 -0.87352778 2.3251007 25.073709 
17.22 -0.57142345 2.2787516 24.397575 
17.23 -0.30216894 2.2392486 23.7459 
17.24 -0.061868395 2.2089263 23.117106 
17.25 0.1531954 2.1895231 22.509837 
17.26 0.34652826 2.1823209 21.922938 
17.27 0.52140711 2.1882622 21.355446 
17.28 0.68087434 2.208048 20.806561 
17.29 0.82774113 2.2422181 20.275638 
17.3 0.96459747 2.2912174 19.762164 
17.31 1.0938269 2.3554503 19.265747 
17.32 1.2176243 2.4353236 18.786112 
17.33 1.3380161 2.5312827 18.323089 
17.34 1.4568814 2.6438394 17.876616 
17.35 1.5759732 2.7735945 17.446739 
17.36 1.6969398 2.921256 17.033619 
17.37 1.821346 3.0876528 16.637539 
17.38 1.9506928 3.2737453 16.258921 
17.39 2.0864363 3.4806328 15.898337 
17.4 2.2300056 3.709558 15.556532 
17.41 2.3828192 3.9619082 15.234452 
17.42 2.5462995 4.2392127 14.933271 
17.43 2.7218855 4.5431365 14.654424 
17.44 2.9110441 4.8754673 14.399656 
17.45 3.1152776 5.2380963 14.171059 
17.46 3.3361293 5.6329893 13.971135 
17.47 3.5751849 6.0621459 13.802853 
17.48 3.8340687 6.5275436 13.669712 
17.49 4.1144347 7.0310626 13.57582 
17.5 4.4179498 7.5743856 13.525962 
17.51 4.7462676 8.1588685 13.52568 
17.52 5.1009912 8.785374 13.581341 
17.53 5.4836209 9.454062 13.700191 
17.54 5.8954854 10.16413 13.890386 
17.55 6.3376512 10.913498 14.160985 
17.56 6.8108092 11.698438 14.521874 
17.57 7.3151323 12.51314 14.983607 
17.58 7.850105 13.349247 15.557127 
17.59 8.414322 14.195355 16.253317 
17.6 9.0052599 15.036545 17.082373 
17.61 9.6190292 15.85399 18.052934 
17.62 10.250121 16.624748 19.170968 
17.63 10.891169 17.321833 20.43843 
17.64 11.532763 17.914718 21.851745 
17.65 12.163352 18.3704 23.400234 
17.66 12.769291 18.655123 25.064713 
17.67 13.335081 18.736794 26.816514 
17.68 13.843842 18.587996 28.617275 
17.69 14.278055 18.189332 30.419817 
17.7 14.62054 17.532652 32.170299 
17.71 14.85563 16.623601 33.811681 
17.72 14.97041 15.482888 35.288211 
17.73 14.955882 14.145821 36.55036 
17.74 14.807883 12.659938 37.559427 
17.75 14.527603 11.080989 38.291018 
17.76 14.121619 9.4678561 38.736758 
17.77 13.601422 7.8772858 38.903994 
17.78 12.982516 6.3592709 38.813645 
17.79 12.283218 4.9537455 38.496751 
17.8 11.523344 3.688898 37.990409 
17.81 10.722926 2.5810545 37.333825 
17.82 9.9011113 1.6358122 36.564993 
17.83 9.0753167 0.84996834 35.718313 
17.84 8.260661 0.21378562 34.823173 
17.85 7.4696731 -0.28677366 33.90341 
17.86 6.7122264 -0.66809013 32.977416 
17.87 5.9956472 -0.94732618 32.058676 
17.88 5.3249416 -1.1412857 31.156527 
17.89 4.7030892 -1.2656575 30.276981 
17.9 4.1313662 -1.3345744 29.423513 
17.91 3.6096664 -1.3604117 28.59775 
17.92 3.136803 -1.3537549 27.800037 
17.93 2.7107785 -1.3234766 27.029886 
17.94 2.3290185 -1.2768793 26.286302 
17.95 1.9885676 -1.2198689 25.568027 
17.96 1.6862495 -1.1571406 24.873699 
17.97 1.418795 -1.092359 24.20196 
17.98 1.1829398 -1.0283275 23.551515 
17.99 0.97549911 -0.96714095 22.92117 
18 0.79342058 -0.91032043 22.309842 
18.01 0.63382051 -0.85892975 21.716562 
18.02 0.49400644 -0.81367515 21.140467 
18.03 0.37148875 -0.77498923 20.580791 
18.04 0.26398395 -0.74310082 20.036852 
18.05 0.16941153 -0.71809266 19.508043 
18.06 0.085886257 -0.69994845 18.993817 
18.07 0.011707035 -0.68859095 18.493681 
18.08 -0.054656296 -0.6839125 18.007183 
18.09 -0.11457757 -0.68579923 17.533913 
18.1 -0.16928954 -0.69415028 17.073491 
18.11 -0.21989931 -0.70889278 16.625565 
18.12 -0.26740351 -0.72999367 16.189807 
18.13 -0.31270313 -0.75746899 15.765915 
18.14 -0.35661759 -0.7913913 15.353605 
18.15 -0.39989824 -0.83189576 14.952617 
18.16 -0.44324104 -0.87918536 14.562709 
18.17 -0.4872985 -0.93353562 14.183663 
18.18 -0.53269094 -0.99529907 13.815284 
18.19 -0.58001712 -1.0649098 13.457399 
18.2 -0.62986426 -1.1428885 13.109866 
18.21 -0.68281765 -1.2298473 12.772572 
18.22 -0.73946979 -1.3264962 12.445438 
18.23 -0.80042938 -1.4336494 12.128428 
18.24 -0.86632999 -1.5522327 11.821551 
18.25 -0.93783873 -1.6832917 11.524872 
18.26 -1.0156649 -1.8280012 11.238519 
18.27 -1.1005688 -1.9876748 10.962699 
18.28 -1.1933703 -2.163776 10.697709 
18.29 -1.2949586 -2.3579297 10.443954 
18.3 -1.406301 -2.5719339 10.201969 
18.31 -1.5284526 -2.807772 9.9724465 
18.32 -1.6625665 -3.0676245 9.7562639 
18.33 -1.8099034 -3.3538797 9.5545244 
18.34 -1.9718418 -3.6691425 9.368601 
18.35 -2.1498876 -4.0162398 9.200191 
18.36 -2.3456832 -4.3982201 9.0513812 
18.37 -2.5610153 -4.8183464 8.9247248 
18.38 -2.7978205 -5.280077 8.8233333 
18.39 -3.0581886 -5.7870305 8.7509826 
18.4 -3.3443604 -6.3429296 8.7122374 
18.41 -3.6587193 -6.9515154 8.7125927 
18.42 -4.0037741 -7.6164211 8.7586313 
18.43 -4.3821283 -8.3409959 8.8581968 
18.44 -4.7964332 -9.1280603 9.0205734 
18.45 -5.2493175 -9.9795778 9.2566623 
18.46 -5.7432883 -10.896221 9.5791367 
18.47 -6.2805936 -11.876815 10.002545 
18.48 -6.8630383 -12.917631 10.543321 
18.49 -7.4917437 -14.011538 11.219639 
18.5 -8.1668404 -15.146992 12.05104 
18.51 -8.8870902 -16.306922 13.057722 
18.52 -9.649434 -17.467579 14.259384 
18.53 -10.448477 -18.597489 15.673515 
18.54 -11.27594 -19.65675 17.313037 
18.55 -12.120119 -20.596981 19.183298 
18.56 -12.965446 -21.362324 21.278541 
18.57 -13.792249 -21.891905 23.578206 
18.58 -14.57686 -22.124099 26.043662 
18.59 -15.292199 -22.002618 28.616258 
18.6 -15.908968 -21.484054 31.217686 
18.61 -16.397473 -20.545846 33.753545 
18.62 -16.729993 -19.193098 36.120497 
18.63 -16.883438 -17.462428 38.216481 
18.64 -16.841921 -15.421263 39.952463 
18.65 -16.598754 -13.162019 41.263377 
18.66 -16.15749 -10.791875 42.115778 
18.67 -15.531752 -8.4202155 42.510439 
18.68 -14.743879 -6.1463997 42.479486 
18.69 -13.822659 -4.0503338 42.079112 
18.7 -12.800574 -2.1872779 41.379913 
18.71 -11.711035 -0.58707053 40.4571 
18.72 -10.585983 0.74311286 39.382372 
18.73 -9.4540997 1.8138795 38.218384 
18.74 -8.339694 2.6480312 37.015914 
18.75 -7.2622161 3.2753399 35.813286 
18.76 -6.2362712 3.7282975 34.637347 
18.77 -5.2719803 4.0390461 33.505272 
18.78 -4.3755425 4.2374191 32.42668 
18.79 -3.549885 4.3498851 31.405655 
18.8 -2.795319 4.3991481 30.442502 
18.81 -2.1101474 4.4041767 29.535139 
18.82 -1.4911995 4.3804864 28.680146 
18.83 -0.93428074 4.3405433 27.873506 
18.84 -0.43453902 4.2942097 27.111099 
18.85 0.013246332 4.2491778 26.389011 
18.86 0.41444245 4.2113678 25.703706 
18.87 0.77439778 4.1852781 25.05211 
18.88 1.0983233 4.1742837 24.431632 
18.89 1.3912114 4.1808883 23.840153 
18.9 1.6577839 4.2069312 23.275997 
18.91 1.9024634 4.2537581 22.737888 
18.92 2.1293612 4.3223575 22.224915 
18.93 2.3422789 4.4134712 21.736494 
18.94 2.5447185 4.5276798 21.27234 
18.95 2.7398988 4.6654695 20.832444 
18.96 2.9307764 4.8272814 20.417061 
18.97 3.1200675 5.0135462 20.026699 
18.98 3.3102713 5.2247058 19.662119 
18.99 3.5036922 5.4612232 19.324341 
19 3.7024604 5.7235818 19.014652 
19.01 3.9085499 6.0122728 18.734626 
19.02 4.1237933 6.3277735 18.486134 
19.03 4.349892 6.6705122 18.271375 
19.04 4.588422 7.0408225 18.092888 
19.05 4.8408344 7.4388828 17.953577 
19.06 5.1084485 7.8646424 17.856733 
19.07 5.3924385 8.3177297 17.806034 
19.08 5.6938119 8.797344 17.805558 
19.09 6.013378 9.3021286 17.859758 
19.1 6.3517076 9.8300246 17.973432 
19.11 6.7090804 10.378109 18.151651 
19.12 7.0854226 10.942416 18.399657 
19.13 7.4802323 11.517758 18.722704 
19.14 7.8924949 12.097538 19.125849 
19.15 8.3205902 12.673595 19.613665 
19.16 8.7621942 13.236078 20.189886 
19.17 9.2141828 13.773394 20.856972 
19.18 9.6725428 14.272255 21.615601 
19.19 10.132303 14.717861 22.464121 
19.2 10.587499 15.094261 23.397971 
19.21 11.03118 15.384913 24.409151 
19.22 11.455486 15.57346 25.485792 
19.23 11.851795 15.644716 26.611926 
19.24 12.210965 15.585802 27.767524 
19.25 12.523656 15.387362 28.92891 
19.26 12.780746 15.04471 30.069565 
19.27 12.973801 14.558774 31.161346 
19.28 13.095573 13.936668 32.176031 
19.29 13.140484 13.191755 33.08707 
19.3 13.105046 12.343135 33.871332 
19.31 12.988152 11.414565 34.510643 
19.32 12.791228 10.43292 34.992903 
19.33 12.5182 9.4263652 35.312652 
19.34 12.175285 8.4224867 35.471008 
19.35 11.770637 7.4465891 35.47504 
19.36 11.313875 6.5203567 35.336691 
19.37 10.815553 5.6609842 35.071426 
19.38 10.286626 4.8808048 34.696815 
19.39 9.7379436 4.1873698 34.231187 
19.4 9.1798274 3.5838836 33.692515 
19.41 8.6217385 3.0698716 33.097563 
19.42 8.0720454 2.6419644 32.461334 
19.43 7.5378924 2.2946962 31.796774 
19.44 7.0251524 2.0212445 31.114707 
19.45 6.5384509 1.814067 30.42392 
19.46 6.081242 1.6654152 29.731351 
19.47 5.6559197 1.5677225 29.042344 
19.48 5.2639508 1.5138791 28.360905 
19.49 4.9060151 1.497408 27.689964 
19.5 4.5821466 1.5125643 27.031609 
19.51 4.2918662 1.5543742 26.387287 
19.52 4.0343047 1.6186309 25.757971 
19.53 3.8083108 1.7018625 25.144297 
19.54 3.6125461 1.8012802 24.546672 
19.55 3.4455649 1.9147184 23.965354 
19.56 3.3058802 2.0405692 23.400514 
19.57 3.1920181 2.1777187 22.852285 
19.58 3.1025605 2.325486 22.320796 
19.59 3.0361777 2.4835664 21.806198 
19.6 2.9916539 2.651981 21.308684 
19.61 2.9679051 2.8310324 20.828507 
19.62 2.9639909 3.0212649 20.365999 
19.63 2.9791228 3.2234321 19.921577 
19.64 3.0126679 3.4384669 19.495769 
19.65 3.0641499 3.6674574 19.08922 
19.66 3.1332481 3.911624 18.702717 
19.67 3.2197939 4.1722999 18.337208 
19.68 3.3237663 4.4509108 17.993821 
19.69 3.4452858 4.748955 17.673897 
19.7 3.5846063 5.0679812 17.379012 
19.71 3.7421067 5.4095618 17.111016 
19.72 3.9182791 5.7752614 16.872061 
19.73 4.1137158 6.1665972 16.664649 
19.74 4.3290928 6.584989 16.491662 
19.75 4.5651498 7.0316966 16.356412 
19.76 4.8226651 7.5077409 16.262675 
19.77 5.1024247 8.0138063 16.214729 
19.78 5.4051837 8.5501199 16.217379 
19.79 5.7316192 9.1163065 16.275975 
19.8 6.0822721 9.7112141 16.396398 
19.81 6.4574766 10.332712 16.585026 
19.82 6.8572755 10.977458 16.848648 
19.83 7.281321 11.640648 17.19432 
19.84 7.7287594 12.315742 17.629155 
19.85 8.1981014 12.994204 18.160012 
19.86 8.6870801 13.665257 18.793079 
19.87 9.1925037 14.315714 19.533336 
19.88 9.7101087 14.929908 20.3839 
19.89 10.23443 15.489792 21.345255 
19.9 10.758703 15.975274 22.414408 
19.91 11.274818 16.364832 23.584043 
19.92 11.773358 16.636466 24.841754 
19.93 12.243737 16.768993 26.169505 
19.94 12.674463 16.743652 27.543444 
19.95 13.053542 16.545887 28.93424 
19.96 13.369012 16.167155 30.308032 
19.97 13.609594 15.60649 31.628048 
19.98 13.7654 14.871552 32.856795 
19.99 13.828647 13.978933 33.958647 
20 13.794281 12.953536 34.902502 
20.01 13.660443 11.827043 35.664155 
20.02 13.428702 10.635612 36.228027 
20.03 13.104026 9.417119 36.587996 
20.04 12.69448 8.2083212 36.747239 
20.05 12.210704 7.0423387 36.717167 
20.06 11.66522 5.9467491 36.515666 
20.07 11.071664 4.9424616 36.164993 
20.08 10.444029 4.0433826 35.68961 
20.09 9.7959702 3.256764 35.114254 
20.1 9.1402443 2.5840456 34.462407 
20.11 8.4882954 2.0219839 33.755228 
20.12 7.8499928 1.5638731 33.010952 
20.13 7.2335087 1.2007138 32.244684 
20.14 6.6453122 0.92223241 31.468475 
20.15 6.0902516 0.71770724 30.691601 
20.16 5.5716979 0.57658926 29.920947 
20.17 5.0917238 0.48893541 29.161417 
20.18 4.6512997 0.44568164 28.416351 
20.19 4.2504898 0.43878956 27.687883 
20.2 3.8886392 0.4612986 26.97726 
20.21 3.564545 0.507312 26.285092 
20.22 3.2766066 0.57193968 25.611558 
20.23 3.0229559 0.65121546 24.956554 
20.24 2.801566 0.74200179 24.319803 
20.25 2.6103404 0.84189098 23.700942 
20.26 2.4471843 0.94910908 23.09957 
20.27 2.3100605 1.0624261 22.515288 
20.28 2.1970317 1.1810747 21.947721 
20.29 2.1062912 1.3046788 21.396536 
20.3 2.0361849 1.4331911 20.861447 
20.31 1.9852254 1.5668412 20.342223 
20.32 1.9521003 1.7060918 19.838692 
20.33 1.9356758 1.8516032 19.350743 
20.34 1.9349973 2.0042053 18.878331 
20.35 1.9492874 2.1648759 18.421482 
20.36 1.9779422 2.3347238 17.980299 
20.37 2.0205264 2.5149778 17.554969 
20.38 2.0767688 2.7069782 17.145777 
20.39 2.1465566 2.9121722 16.753113 
20.4 2.2299306 3.1321103 16.377495 
20.41 2.32708 3.3684453 16.01958 
20.42 2.4383384 3.6229303 15.680195 
20.43 2.5641791 3.8974171 15.360356 
20.44 2.7052113 4.1938522 15.061304 
20.45 2.8621757 4.51427 14.784539 
20.46 3.03594 4.8607809 14.531863 
20.47 3.227493 5.2355536 14.305427 
20.48 3.4379378 5.6407874 14.107786 
20.49 3.6684815 6.0786733 13.941955 
20.5 3.9204225 6.5513398 13.811482 
20.51 4.1951321 7.0607784 13.720512 
20.52 4.4940302 7.6087455 13.673865 
20.53 4.8185523 8.1966334 13.677104 
20.54 5.1701056 8.8253056 13.736603 
20.55 5.5500117 9.4948877 13.8596 
20.56 5.9594328 10.204511 14.054215 
20.57 6.3992768 10.951999 14.32944 
20.58 6.8700808 11.733502 14.695053 
20.59 7.3718661 12.543074 15.161449 
20.6 7.9039665 13.372214 15.739347 
20.61 8.4648274 14.209388 16.43934 
20.62 9.0517791 15.03958 17.271249 
20.63 9.6607935 15.84393 18.243258 
20.64 10.286237 16.599562 19.360804 
20.65 10.920645 17.279696 20.625254 
20.66 11.554543 17.854189 22.032423 
20.67 12.176373 18.290635 23.571059 
20.68 12.772547 18.556099 25.221512 
20.69 13.327708 18.619522 26.95485 
20.7 13.825213 18.454685 28.732742 
20.71 14.247872 18.043447 30.508411 
20.72 14.578922 17.37884 32.22883 
20.73 14.803175 16.467456 33.838174 
20.74 14.908223 15.330558 35.282205 
20.75 14.885553 14.003503 36.513058 
20.76 14.731421 12.533332 37.493652 
20.77 14.447325 10.974797 38.200957 
20.78 14.040004 9.385422 38.627548 
20.79 13.520957 7.8204117 38.781217 
20.8 12.905549 6.3282382 38.682828 
20.81 12.211835 4.9475052 38.362931 
20.82 11.459279 3.7053761 37.857834 
20.83 10.667515 2.6175057 37.205797 
20.84 9.8552845 1.6891637 36.443846 
20.85 9.0396193 0.91711089 35.605486 
20.86 8.2352977 0.29179231 34.719352 
20.87 7.4545656 -0.20050542 33.808693 
20.88 6.7070748 -0.57576386 32.891481 
20.89 5.9999912 -0.85072421 31.980927 
20.9 5.3382147 -1.0417836 31.086214 
20.91 4.7246664 -1.1642607 30.213293 
20.92 4.1606021 -1.2319656 29.36564 
20.93 3.6459258 -1.2570012 28.544926 
20.94 3.1794831 -1.2497287 27.751561 
20.95 2.7593255 -1.2188395 26.985133 
20.96 2.3829379 -1.1714915 26.244728 
20.97 2.047431 -1.1134765 25.529161 
20.98 1.7496981 -1.0493995 24.83714 
20.99 1.4865404 -0.98285357 24.167364 
21 1.2547634 -0.91658454 23.518592 
21.01 1.0512507 -0.85263938 22.88967 
21.02 0.87301579 -0.79249762 22.279551 
21.03 0.71723836 -0.73718532 21.687294 
21.04 0.58128686 -0.68737223 21.112056 
21.05 0.46273027 -0.64345388 20.55309 
21.06 0.35934173 -0.60561985 20.009726 
21.07 0.26909588 -0.57391001 19.481363 
21.08 0.19016167 -0.54826045 18.967459 
21.09 0.12089185 -0.52854045 18.467523 
21.1 0.059810409 -0.514582 17.981103 
21.11 0.0055985969 -0.50620314 17.507782 
21.12 -0.042919591 -0.50322612 17.047173 
21.13 -0.086792124 -0.50549155 16.598914 
21.14 -0.12695341 -0.51286913 16.162665 
21.15 -0.16423829 -0.52526593 15.738103 
21.16 -0.19939537 -0.54263266 15.324926 
21.17 -0.23309966 -0.56496855 14.922845 
21.18 -0.26596436 -0.59232517 14.531586 
21.19 -0.29855187 -0.6248097 14.150894 
21.2 -0.3313841 -0.66258775 13.780525 
21.21 -0.36495198 -0.70588624 13.420251 
21.22 -0.39972441 -0.75499623 13.069863 
21.23 -0.43615659 -0.8102762 12.729166 
21.24 -0.47469792 -0.87215561 12.397987 
21.25 -0.5157995 -0.94113918 12.076173 
21.26 -0.55992139 -1.0178117 11.763595 
21.27 -0.60753958 -1.1028435 11.46015 
21.28 -0.65915298 -1.1969973 11.165769 
21.29 -0.71529035 -1.3011349 10.880418 
21.3 -0.77651727 -1.4162261 10.604105 
21.31 -0.84344338 -1.5433574 10.336889 
21.32 -0.91672976 -1.6837425 10.07889 
21.33 -0.99709669 -1.8387338 9.8302956 
21.34 -1.0853318 -2.0098343 9.5913823 
21.35 -1.1822985 -2.1987105 9.3625265 
21.36 -1.2889454 -2.407207 9.1442275 
21.37 -1.4063152 -2.6373597 8.9371328 
21.38 -1.5355551 -2.8914109 8.7420681 
21.39 -1.6779271 -3.1718223 8.5600749 
21.4 -1.8348185 -3.4812876 8.392455 
21.41 -2.0077524 -3.8227414 8.2408255 
21.42 -2.1983981 -4.1993647 8.1071831 
21.43 -2.4085808 -4.6145822 7.9939836 
21.44 -2.6402891 -5.0720505 7.904234 
21.45 -2.8956807 -5.5756311 7.8416037 
21.46 -3.1770833 -6.1293428 7.8105531 
21.47 -3.4869903 -6.7372858 7.816483 
21.48 -3.8280477 -7.4035274 7.8659049 
21.49 -4.2030283 -8.1319365 7.9666292 
21.5 -4.6147909 -8.9259501 8.1279686 
21.51 -5.0662156 -9.7882539 8.3609446 
21.52 -5.560111 -10.720352 8.678483 
21.53 -6.0990821 -11.722005 9.0955681 
21.54 -6.6853506 -12.79051 9.6293152 
21.55 -7.3205143 -13.919801 10.298901 
21.56 -8.0052371 -15.099378 11.125268 
21.57 -8.7388559 -16.313073 12.130493 
21.58 -9.5189048 -17.537728 13.336693 
21.59 -10.340559 -18.741929 14.76433 
21.6 -11.196021 -19.885012 16.429791 
21.61 -12.073902 -20.916694 18.342193 
21.62 -12.958666 -21.777766 20.499506 
21.63 -13.830275 -22.402349 22.884304 
21.64 -14.66417 -22.722159 25.459784 
21.65 -15.431765 -22.672952 28.166999 
21.66 -16.101609 -22.202843 30.924496 
21.67 -16.641276 -21.281489 33.631501 
21.68 -17.019924 -19.908375 36.17527 
21.69 -17.21127 -18.118046 38.442261 
21.7 -17.196544 -15.980275 40.331513 
21.71 -16.966896 -13.59424 41.767556 
21.72 -16.524742 -11.077312 42.709838 
21.73 -15.883741 -8.5507514 43.156399 
21.74 -15.067399 -6.1254798 43.141105 
21.75 -14.106569 -3.8909301 42.725517 
21.76 -13.036367 -1.9088259 41.987827 
21.77 -11.893041 -0.21216501 41.011535 
21.78 -10.711255 1.1916145 39.876057 
21.79 -9.5220709 2.3149771 38.650382 
21.8 -8.3517044 3.1838378 37.389914 
21.81 -7.2210075 3.8315844 36.135931 
21.82 -6.1455081 4.2942784 34.916818 
21.83 -5.1358384 4.6072526 33.750233 
21.84 -4.1983819 4.8029987 32.645552 
21.85 -3.336007 4.9100815 31.606198 
21.86 -2.5487976 4.9527833 30.631602 
21.87 -1.8347228 4.9512131 29.718757 
21.88 -1.1902188 4.9216759 28.863358 
21.89 -0.61067399 4.8771599 28.060593 
21.9 -0.090819155 4.827852 27.305666 
21.91 0.37496744 4.7816279 26.594107 
21.92 0.79242828 4.744493 25.92194 
21.93 1.167256 4.7209636 25.285757 
21.94 1.5049726 4.714388 24.682729 
21.95 1.8108475 4.7272124 24.110575 
21.96 2.0898469 4.7611989 23.567527 
21.97 2.3466063 4.8176 23.05228 
21.98 2.5854202 4.8972986 22.56394 
21.99 2.8102454 5.0009176 22.101986 
22 3.0247119 5.1289044 21.666235 
22.01 3.2321415 5.2815937 21.256814 
22.02 3.4355678 5.4592521 20.874142 
22.03 3.6377591 5.6621072 20.518919 
22.04 3.8412408 5.8903615 20.192119 
22.05 4.0483158 6.1441942 19.894996 
22.06 4.2610839 6.4237508 19.629085 
22.07 4.481456 6.7291197 19.396213 
22.08 4.7111656 7.0602978 19.198506 
22.09 4.9517747 7.4171439 19.038402 
22.1 5.2046741 7.7993181 18.918656 
22.11 5.4710774 8.2062089 18.842343 
22.12 5.752008 8.6368461 18.812847 
22.13 6.0482779 9.089799 18.833847 
22.14 6.3604593 9.5630623 18.909276 
22.15 6.6888457 10.053929 19.043262 
22.16 7.033406 10.558854 19.240035 
22.17 7.3937284 11.073316 19.503803 
22.18 7.7689575 11.591683 19.838578 
22.19 8.1577246 12.107095 20.247955 
22.2 8.5580751 12.611371 20.734835 
22.21 8.9673966 13.094982 21.301097 
22.22 9.3823543 13.547081 21.947218 
22.23 9.79884 13.955644 22.671856 
22.24 10.211945 14.307729 23.471423 
22.25 10.615968 14.589881 24.339685 
22.26 11.004465 14.788692 25.267427 
22.27 11.370364 14.891505 26.24225 
22.28 11.706126 14.887248 27.248559 
22.29 12.003992 14.767328 28.267793 
22.3 12.256278 14.526507 29.278939 
22.31 12.455728 14.163678 30.259341 
22.32 12.595892 13.682397 31.185768 
22.33 12.671509 13.091101 32.035668 
22.34 12.678854 12.402933 32.788491 
22.35 12.616009 11.635139 33.426932 
22.36 12.483043 10.808106 33.937946 
22.37 12.282059 9.9441077 34.31343 
22.38 12.017115 9.0659229 34.550467 
22.39 11.694021 8.195471 34.651149 
22.4 11.320026 7.352618 34.622004 
22.41 10.903447 6.5542637 34.473149 
22.42 10.453244 5.8137725 34.217269 
22.43 9.9786195 5.1407529 33.868573 
22.44 9.4886334 4.541151 33.441822 
22.45 8.9918855 4.0175853 32.951515 
22.46 8.4962649 3.5698448 32.411263 
22.47 8.0087766 3.1954669 31.83338 
22.48 7.5354394 2.8903281 31.228646 
22.49 7.0812493 2.649198 30.606244 
22.5 6.6501956 2.4662221 29.973798 
22.51 6.2453168 2.3353199 29.3375 
22.52 5.8687859 2.250493 28.702279 
22.53 5.5220113 2.2060516 28.07199 
22.54 5.2057476 2.196766 27.449604 
22.55 4.9202058 2.21796 26.837379 
22.56 4.6651609 2.2655559 26.237024 
22.57 4.4400505 2.3360843 25.649826 
22.58 4.2440646 2.4266695 25.076765 
22.59 4.076224 2.5349971 24.518603 
22.6 3.9354481 2.6592723 23.975959 
22.61 3.8206113 2.7981727 23.449361 
22.62 3.7305903 2.9507992 22.939301 
22.63 3.6643018 3.1166278 22.44626 
22.64 3.6207317 3.2954638 21.970748 
22.65 3.5989582 3.4873989 21.513323 
22.66 3.5981682 3.6927718 21.074615 
22.67 3.6176688 3.9121325 20.655346 
22.68 3.656894 4.1462087 20.256352 
22.69 3.7154084 4.3958755 19.878599 
22.7 3.7929074 4.6621251 19.523211 
22.71 3.8892139 4.9460385 19.191486 
22.72 4.004274 5.2487544 18.884925 
22.73 4.1381486 5.5714375 18.605256 
22.74 4.2910033 5.9152414 18.35446 
22.75 4.4630958 6.281267 18.134803 
22.76 4.6547594 6.6705125 17.948862 
22.77 4.8663833 7.0838144 17.799554 
22.78 5.0983886 7.5217761 17.69016 
22.79 5.3511992 7.9846828 17.624345 
22.8 5.6252063 8.4724005 17.606167 
22.81 5.9207262 8.9842569 17.640077 
22.82 6.2379494 9.5189036 17.730893 
22.83 6.5768812 10.07416 17.883757 
22.84 6.9372716 10.646839 18.104044 
22.85 7.3185349 11.232566 18.397238 
22.86 7.7196599 11.825584 18.768743 
22.87 8.1391096 12.418584 19.223635 
22.88 8.5747161 13.002546 19.766332 
22.89 9.0235729 13.566648 20.400187 
22.9 9.4819321 14.098254 21.127003 
22.91 9.9451159 14.583027 21.946478 
22.92 10.407456 15.0052 22.855614 
22.93 10.862271 15.34805 23.848137 
22.94 11.301905 15.59459 24.913975 
22.95 11.71784 15.728488 26.038908 
22.96 12.100887 15.735177 27.204447 
22.97 12.441482 15.603098 28.38806 
22.98 12.730069 15.324949 29.563805 
22.99 12.957556 14.898796 30.703388 
23 13.115826 14.328881 31.77762 
23.01 13.198256 13.625951 32.758164 
23.02 13.200179 12.807024 33.619378 
23.03 13.119265 11.89453 34.340054 
23.04 12.955748 10.914909 34.904807 
23.05 12.712477 9.8968212 35.304941 
23.06 12.394784 8.8691825 35.53868 
23.07 12.010184 7.8592883 35.610765 
23.08 11.567928 6.8912305 35.531516 
23.09 11.078477 5.9847702 35.315525 
23.1 10.552943 5.1547294 34.980176 
23.11 10.002542 4.410886 34.544198 
23.12 9.438124 3.7582875 34.026386 
23.13 8.8697806 3.1978635 33.444596 
23.14 8.3065636 2.7272093 32.815043 
23.15 7.7563071 2.3414228 32.151893 
23.16 7.2255456 2.0339073 31.467109 
23.17 6.7195106 1.7970809 30.770486 
23.18 6.2421913 1.6229618 30.069813 
23.19 5.7964369 1.5036208 29.371123 
23.2 5.3840873 1.4315092 28.678961 
23.21 5.0061164 1.3996778 27.996662 
23.22 4.6627789 1.4019057 27.326602 
23.23 4.353751 1.432761 26.670424 
23.24 4.0782615 1.4876102 26.029228 
23.25 3.8352095 1.562593 25.403719 
23.26 3.623267 1.6545739 24.79433 
23.27 3.4409664 1.7610819 24.201317 
23.28 3.2867743 1.8802434 23.624826 
23.29 3.1591511 2.0107151 23.06495 
23.3 3.0565988 2.1516191 22.521764 
23.31 2.9776985 2.3024823 21.995356 
23.32 2.9211386 2.4631824 21.485849 
23.33 2.8857358 2.6338993 20.993419 
23.34 2.8704493 2.8150736 20.518309 
23.35 2.8743905 3.0073699 20.060843 
23.36 2.896828 3.2116465 19.621442 
23.37 2.9371902 3.4289292 19.200634 
23.38 2.9950647 3.6603883 18.799078 
23.39 3.0701955 3.9073193 18.417572 
23.4 3.1624801 4.1711237 18.057084 
23.41 3.2719632 4.4532919 17.718769 
23.42 3.3988306 4.7553835 17.403999 
23.43 3.5434015 5.0790059 17.114395 
23.44 3.7061188 5.4257887 16.851855 
23.45 3.8875382 5.7973517 16.618598 
23.46 4.0883147 6.1952645 16.417201 
23.47 4.3091859 6.6209955 16.250641 
23.48 4.5509512 7.0758468 16.122341 
23.49 4.8144468 7.560872 16.036207 
23.5 5.1005136 8.0767745 15.996673 
23.51 5.4099572 8.6237809 16.008721 
23.52 5.7434991 9.2014883 16.077905 
23.53 6.1017162 9.808681 16.210335 
23.54 6.4849668 10.443117 16.412638 
23.55 6.8933023 11.101283 16.69187 
23.56 7.3263629 11.77813 17.055366 
23.57 7.7832565 12.466785 17.510507 
23.58 8.2624224 13.158275 18.064396 
23.59 8.7614826 13.841275 18.72341 
23.6 9.2770863 14.501932 19.492628 
23.61 9.8047579 15.1238 20.375132 
23.62 10.338761 15.687967 21.37119 
23.63 10.872001 16.173417 22.477363 
23.64 11.39598 16.557718 23.685615 
23.65 11.90085 16.818056 24.98252 
23.66 12.375564 16.932637 26.348726 
23.67 12.808169 16.882402 27.758808 
23.68 13.186246 16.652933 29.181696 
23.69 13.497488 16.23633 30.581766 
23.7 13.730387 15.632812 31.920625 
23.71 13.874989 14.851729 33.159506 
23.72 13.92363 13.911742 34.262022 
23.73 13.871573 12.84002 35.196952 
23.74 13.71746 11.670474 35.940658 
23.75 13.463515 10.441213 36.478755 
23.76 13.115463 9.1915949 36.806811 
23.77 12.682167 7.9592598 36.929979 
23.78 12.175041 6.7775807 36.861711 
23.79 11.607302 5.6738083 36.621798 
23.8 10.993165 4.668063 36.234102 
23.81 10.34705 3.7731525 35.724304 
23.82 9.6828873 2.9950772 35.11795 
23.83 9.0135636 2.3340105 34.438943 
23.84 8.3505221 1.7855313 33.708541 
23.85 7.7035264 1.3419123 32.944835 
23.86 7.0805649 0.99332046 32.162622 
23.87 6.4878708 0.72884216 31.373549 
23.88 5.9300265 0.5372948 30.586456 
23.89 5.4101265 0.40782402 29.807791 
23.9 4.9299707 0.330308 29.042055 
23.91 4.4902703 0.29560187 28.292227 
23.92 4.090851 0.2956582 27.560133 
23.93 3.7308442 0.32355685 26.84676 
23.94 3.4088586 0.37347301 26.152505 
23.95 3.1231311 0.44060594 25.477373 
23.96 2.8716557 0.52108577 24.821122 
23.97 2.6522895 0.61187062 24.183363 
23.98 2.4628403 0.71064271 23.563642 
23.99 2.3011345 0.81570872 22.961482 
24 2.1650711 0.92590799 22.376421 
24.01 2.0526607 1.0405302 21.80803 
24.02 1.9620545 1.1592435 21.255923 
24.03 1.8915638 1.2820324 20.719768 
24.04 1.8396723 1.4091458 20.199286 
24.05 1.8050429 1.5410547 19.694256 
24.06 1.7865197 1.6784167 19.204515 
24.07 1.7831271 1.8220493 18.729963 
24.08 1.7940673 1.972909 18.270562 
24.09 1.8187155 2.1320758 17.826347 
24.1 1.8566144 2.3007428 17.397426 
24.11 1.9074693 2.4802091 16.983996 
24.12 1.9711419 2.6718765 16.586346 
24.13 2.0476454 2.877248 16.204877 
24.14 2.1371397 3.0979279 15.840116 
24.15 2.2399272 3.335623 15.492736 
24.16 2.3564486 3.5921433 15.16358 
24.17 2.4872804 3.8694023 14.853689 
24.18 2.6331309 4.1694144 14.564335 
24.19 2.7948374 4.4942897 14.297059 
24.2 2.9733627 4.8462227 14.053717 
24.21 3.16979 5.2274751 13.836525 
24.22 3.3853171 5.6403482 13.648125 
24.23 3.621247 6.087143 13.491642 
24.24 3.8789755 6.5701041 13.37076 
24.25 4.1599733 7.0913422 13.289793 
24.26 4.4657617 7.6527314 13.253769 
24.27 4.7978786 8.2557729 13.26851 
24.28 5.1578336 8.90142 13.340698 
24.29 5.5470479 9.5898566 13.47794 
24.3 5.966777 10.320221 13.688794 
24.31 6.418011 11.090273 13.982756 
24.32 6.90135 11.895993 14.370176 
24.33 7.4168505 12.731133 14.862076 
24.34 7.9638407 13.58671 15.469843 
24.35 8.5407049 14.450492 16.204736 
24.36 9.1446397 15.306505 17.077194 
24.37 9.7713913 16.134646 18.095885 
24.38 10.414989 16.91049 19.266503 
24.39 11.067499 17.605432 20.590316 
24.4 11.718845 18.187295 22.062548 
24.41 12.356717 18.62156 23.670738 
24.42 12.966656 18.873312 25.393308 
24.43 13.532343 18.909905 27.198658 
24.44 14.036145 18.704237 29.045128 
24.45 14.459938 18.238287 30.882168 
24.46 14.786187 17.50643 32.652905 
24.47 14.999191 16.517892 34.298046 
24.48 15.086387 15.297724 35.760774 
24.49 15.039529 13.88586 36.991953 
24.5 14.855561 12.334183 37.95478 
24.51 14.537057 10.701941 38.628057 
24.52 14.092115 9.050252 39.007474 
24.53 13.533748 7.43664 39.104768 
24.54 12.878842 5.910472 38.945018 
24.55 12.146847 4.5099175 38.56275 
24.56 11.358395 3.2606504 37.997608 
24.57 10.534 2.1761483 37.290331 
24.58 9.6929716 1.2591895 36.479514 
24.59 8.8526187 0.50404586 35.599404 
24.6 8.0277424 -0.10109913 34.678713 
24.61 7.2304106 -0.57186342 33.740294 
24.62 6.4699526 -0.9257279 32.801425 
24.63 5.7531187 -1.1805385 31.874487 
24.64 5.0843453 -1.3534485 30.967803 
24.65 4.4660764 -1.4602466 30.086507 
24.66 3.8991024 -1.514992 29.23335 
24.67 3.3828909 -1.5298762 28.409379 
24.68 2.9158899 -1.5152393 27.614497 
24.69 2.4957965 -1.4796827 26.84788 
24.7 2.1197858 -1.4302367 26.108294 
24.71 1.784701 -1.3725505 25.39431 
24.72 1.4872072 -1.3110874 24.704449 
24.73 1.2239118 -1.2493111 24.037277 
24.74 0.99145663 -1.1898571 23.391452 
24.75 0.7865864 -1.1346853 22.765753 
24.76 0.60619606 -1.0852144 22.159084 
24.77 0.44736258 -1.0424362 21.570474 
24.78 0.30736331 -1.0070141 20.999064 
24.79 0.18368412 -0.97936421 20.444097 
24.8 0.074019642 -0.95972415 19.904905 
24.81 -0.023732351 -0.94820847 19.380895 
24.82 -0.11148089 -0.94485464 18.871541 
24.83 -0.19095468 -0.94966 18.376371 
24.84 -0.26371698 -0.96261152 17.894961 
24.85 -0.33118151 -0.98370968 17.426929 
24.86 -0.39462896 -1.0129876 16.971931 
24.87 -0.45522348 -1.0505261 16.529657 
24.88 -0.51402899 -1.0964667 16.099827 
24.89 -0.57202492 -1.1510207 15.682194 
24.9 -0.63012141 -1.2144789 15.276545 
24.91 -0.68917376 -1.2872184 14.882696 
24.92 -0.74999623 -1.3697097 14.500501 
24.93 -0.81337515 -1.4625232 14.129852 
24.94 -0.88008142 -1.566336 13.770687 
24.95 -0.95088243 -1.6819387 13.42299 
24.96 -1.0265536 -1.8102423 13.086805 
24.97 -1.1078892 -1.9522864 12.762242 
24.98 -1.1957138 -2.1092472 12.449487 
24.99 -1.290892 -2.2824464 12.14882 
25 -1.3943394 -2.4733604 11.860627 
25.01 -1.507033 -2.6836297 11.585423 
25.02 -1.6300211 -2.9150686 11.323875 
25.03 -1.7644338 -3.1696739 11.076832 
25.04 -1.9114926 -3.4496327 10.845359 
25.05 -2.0725206 -3.7573279 10.63078 
25.06 -2.2489511 -4.0953407 10.434728 
25.07 -2.4423364 -4.466447 10.2592 
25.08 -2.6543539 -4.8736077 10.106635 
25.09 -2.8868117 -5.3199471 9.9799862 
25.1 -3.1416494 -5.808717 9.8828252 
25.11 -3.4209356 -6.3432417 9.8194449 
25.12 -3.7268586 -6.9268347 9.7949859 
25.13 -4.0617087 -7.562681 9.8155722 
25.14 -4.4278488 -8.2536736 9.8884587 
25.15 -4.8276693 -9.002191 10.022182 
25.16 -5.263523 -9.8098014 10.226707 
25.17 -5.7376335 -10.676877 10.513546 
25.18 -6.2519713 -11.602105 10.895837 
25.19 -6.8080884 -12.581874 11.388333 
25.2 -7.406905 -13.609539 12.007257 
25.21 -8.0484407 -14.674565 12.769957 
25.22 -8.7314841 -15.761582 13.694289 
25.23 -9.4532036 -16.849417 14.797611 
25.24 -10.208705 -17.910224 16.095334 
25.25 -10.990563 -18.908895 17.598931 
25.26 -11.788359 -19.803001 19.313426 
25.27 -12.588303 -20.543591 21.23444 
25.28 -13.37302 -21.077167 23.345085 
25.29 -14.121608 -21.349104 25.613162 
25.3 -14.810094 -21.308592 27.989349 
25.31 -15.412385 -20.914823 30.40718 
25.32 -15.901742 -20.143687 32.785542 
25.33 -16.252734 -18.993795 35.03409 
25.34 -16.443486 -17.490372 37.061331 
25.35 -16.457928 -15.685693 38.784307 
25.36 -16.287665 -13.655346 40.138156 
25.37 -15.933131 -11.490633 41.08352 
25.38 -15.40376 -9.2884552 41.610183 
25.39 -14.717151 -7.1407321 41.736217 
25.4 -13.897359 -5.1254537 41.503112 
25.41 -12.972651 -3.3008549 40.96827 
25.42 -11.973086 -1.7032498 40.196674 
25.43 -10.928292 -0.34813482 39.253351 
25.44 -9.8656776 0.76642936 38.197686 
25.45 -8.8091936 1.6553225 37.079955 
25.46 -7.7786579 2.3417626 35.939926 
25.47 -6.7895559 2.8532717 34.80702 
25.48 -5.8532033 3.2185385 33.701474 
25.49 -4.9771438 3.465234 32.635985 
25.5 -4.1656767 3.618672 31.617452 
25.51 -3.4204267 3.7011301 30.648588 
25.52 -2.7409008 3.7316407 29.729276 
25.53 -2.1249955 3.7260835 28.857631 
25.54 -1.5694388 3.6974517 28.030791 
25.55 -1.0701592 3.6562001 27.245475 
25.56 -0.62258555 3.6106169 26.498352 
25.57 -0.22188305 3.567183 25.786264 
25.58 0.1368657 3.5309011 25.106362 
25.59 0.45852663 3.5055857 24.456158 
25.6 0.74781839 3.4941131 23.833542 
25.61 1.0092476 3.4986325 23.236773 
25.62 1.2470687 3.5207426 22.664455 
25.63 1.4652627 3.5616365 22.115502 
25.64 1.6675305 3.6222216 21.589114 
25.65 1.8572976 3.7032148 21.084745 
25.66 2.0377254 3.8052201 20.602088 
25.67 2.2117291 3.9287888 20.141053 
25.68 2.3819984 4.0744662 19.701762 
25.69 2.55102 4.2428261 19.284544 
25.7 2.721101 4.4344952 18.889939 
25.71 2.8943917 4.6501678 18.518705 
25.72 3.0729075 4.8906119 18.171834 
25.73 3.2585486 5.1566676 17.850567 
25.74 3.4531173 5.4492359 17.556423 
25.75 3.6583325 5.7692594 17.291222 
25.76 3.8758399 6.1176926 17.05712 
25.77 4.1072185 6.4954614 16.85664 
25.78 4.3539816 6.9034085 16.692712 
25.79 4.617572 7.3422245 16.568709 
25.8 4.8993501 7.8123607 16.488478 
25.81 5.2005738 8.3139215 16.45637 
25.82 5.5223694 8.8465334 16.47726 
25.83 5.8656912 9.4091882 16.556544 
25.84 6.2312684 10.00006 16.700116 
25.85 6.6195394 10.616293 16.914307 
25.86 7.0305697 11.253769 17.205779 
25.87 7.4639556 11.906851 17.581351 
25.88 7.9187111 12.568127 18.047746 
25.89 8.3931431 13.228166 18.611252 
25.9 8.8847161 13.875316 19.277259 
25.91 9.3899141 14.495582 20.049697 
25.92 9.9041105 15.072639 20.93035 
25.93 10.42146 15.588026 21.918091 
25.94 10.934829 16.021588 23.008066 
25.95 11.435792 16.352211 24.19092 
25.96 11.914712 16.558881 25.452154 
25.97 12.360928 16.622057 26.771755 
25.98 12.76307 16.525287 28.124237 
25.99 13.109502 16.256933 29.479216 
26 13.38889 15.811805 30.802593 
26.01 13.590851 15.192465 32.058347 
26.02 13.706639 14.409934 33.210798 
26.03 13.729799 13.483616 34.22713 
26.04 13.656709 12.440346 35.079837 
26.05 13.486934 11.31261 35.748751 
26.06 13.22335 10.136148 36.222365 
26.07 12.872011 8.9472723 36.49825 
26.08 12.441769 7.7802595 36.582551 
26.09 11.943708 6.6651586 36.488709 
26.1 11.390447 5.6262528 36.235634 
26.11 10.795401 4.6812713 35.845663 
26.12 10.172072 3.8413189 35.34257 
26.13 9.5334331 3.1113901 34.749852 
26.14 8.8914388 2.4912788 34.089434 
26.15 8.256679 1.9766931 33.380805 
26.16 7.6381767 1.5604071 32.640582 
26.17 7.0433101 1.2333288 31.882405 
26.18 6.4778378 0.98541159 31.117077 
26.19 5.945998 0.80637685 30.352863 
26.2 5.4506584 0.68624823 29.595864 
26.21 4.9934945 0.61571579 28.850414 
26.22 4.5751782 0.58635874 28.119449 
26.23 4.1955639 0.59075777 27.404842 
26.24 3.8538638 0.6225262 26.707687 
26.25 3.5488065 0.67628484 26.028521 
26.26 3.278776 0.74760081 25.367504 
26.27 3.0419306 0.83290566 24.724554 
26.28 2.8363027 0.92940388 24.099442 
26.29 2.6598794 1.0349797 23.491864 
26.3 2.5106671 1.1481074 22.90149 
26.31 2.386742 1.2677677 22.327997 
26.32 2.2862878 1.3933735 21.771087 
26.33 2.2076234 1.5247032 21.230508 
26.34 2.149222 1.661845 20.706054 
26.35 2.1097233 1.8051484 20.19758 
26.36 2.0879409 1.9551851 19.705 
26.37 2.0828651 2.1127169 19.228299 
26.38 2.0936629 2.2786702 18.767533 
26.39 2.1196759 2.4541167 18.322839 
26.4 2.1604167 2.6402579 17.894445 
26.41 2.2155645 2.8384151 17.482677 
26.42 2.2849603 3.0500214 17.087977 
26.43 2.3686016 3.2766158 16.710916 
26.44 2.4666377 3.5198396 16.352216 
26.45 2.5793646 3.7814319 16.012771 
26.46 2.7072203 4.0632255 15.693677 
26.47 2.8507796 4.3671393 15.39626 
26.48 3.0107491 4.6951689 15.122119 
26.49 3.1879613 5.049371 14.873159 
26.5 3.383367 5.4318406 14.651648 
26.51 3.5980266 5.8446792 14.460263 
26.52 3.8330983 6.2899494 14.302155 
26.53 4.0898219 6.7696143 14.181005 
26.54 4.3694979 7.2854556 14.1011 
26.55 4.67346 7.8389666 14.067391 
26.56 5.0030373 8.4312147 14.085563 
26.57 5.3595066 9.0626665 14.162086 
26.58 5.7440302 9.7329711 14.304248 
26.59 6.1575759 10.440695 14.520161 
26.6 6.6008186 11.183008 14.81871 
26.61 7.074017 11.955316 15.209445 
26.62 7.5768665 12.750854 15.70236 
26.63 8.1083251 13.560248 16.307558 
26.64 8.6664141 14.371086 17.034751 
26.65 9.2479992 15.167534 17.892566 
26.66 9.8485605 15.930071 18.887645 
26.67 10.461969 16.635443 20.023528 
26.68 11.080296 17.256922 21.299355 
26.69 11.69368 17.765023 22.708476 
26.7 12.290308 18.128752 24.237096 
26.71 12.856543 18.317462 25.863198 
26.72 13.37724 18.303294 27.555966 
26.73 13.836295 18.064034 29.276044 
26.74 14.217417 17.586097 30.976826 
26.75 14.5051 16.867199 32.606913 
26.76 14.685723 15.918187 34.113638 
26.77 14.748653 14.763564 35.447287 
26.78 14.687226 13.440398 36.565469 
26.79 14.499444 11.995616 37.436904 
26.8 14.188283 10.482005 38.043993 
26.81 13.761555 8.9535608 38.383724 
26.82 13.231339 7.4609117 38.466839 
26.83 12.613062 6.0475414 38.315498 
26.84 11.924366 4.7472654 37.959994 
26.85 11.183917 3.58314 37.435119 
26.86 10.410282 2.5676837 36.776776 
26.87 9.6209885 1.7040937 36.019222 
26.88 8.8318213 0.98805802 35.193157 
26.89 8.0563719 0.40978224 34.324638 
26.9 7.3058204 -0.044063708 33.434728 
26.91 6.588913 -0.38866558 32.539667 
26.92 5.9120835 -0.63973862 31.651385 
26.93 5.2796729 -0.81256553 30.778186 
26.94 4.6942022 -0.92136175 29.925468 
26.95 4.1566674 -0.97890825 29.096413 
26.96 3.6668299 -0.99638701 28.292581 
26.97 3.2234885 -0.98335929 27.5144 
26.98 2.8247221 -0.94783743 26.761551 
26.99 2.4681001 -0.89641197 26.033258 
27 2.1508583 -0.83440675 25.328494 
27.01 1.8700437 -0.7660429 24.646126 
27.02 1.6226295 -0.69459979 23.985005 
27.03 1.405604 -0.62256568 23.344026 
27.04 1.2160384 -0.55177404 22.722159 
27.05 1.0511345 -0.48352412 22.118459 
27.06 0.90825858 -0.41868543 21.532073 
27.07 0.78496173 -0.35778701 20.962234 
27.08 0.67899121 -0.30109248 20.408253 
27.09 0.58829384 -0.24866244 19.869509 
27.1 0.51101374 -0.20040562 19.345442 
27.11 0.445486 -0.15612031 18.835541 
27.12 0.39022728 -0.11552735 18.339339 
27.13 0.34392465 -0.078296115 17.856403 
27.14 0.30542327 -0.044064488 17.386329 
27.15 0.27371352 -0.012453899 16.92874 
27.16 0.24791823 0.016919693 16.483279 
27.17 0.22728021 0.044438118 16.049606 
27.18 0.21115033 0.070475991 15.627396 
27.19 0.19897641 0.095397814 15.216341 
27.2 0.19029295 0.11955676 14.81614 
27.21 0.18471183 0.14329476 14.426507 
27.22 0.18191388 0.16694362 14.047165 
27.23 0.18164148 0.19082687 13.677845 
27.24 0.183692 0.21526225 13.318288 
27.25 0.18791217 0.24056468 12.968245 
27.26 0.19419326 0.26704948 12.627474 
27.27 0.20246708 0.295036 12.295741 
27.28 0.21270265 0.32485143 11.972822 
27.29 0.22490361 0.35683486 11.658502 
27.3 0.23910629 0.39134152 11.352573 
27.31 0.25537832 0.42874733 11.054838 
27.32 0.27381786 0.46945362 10.765111 
27.33 0.29455335 0.51389221 10.483213 
27.34 0.31774379 0.56253077 10.20898 
27.35 0.34357952 0.61587863 9.9422604 
27.36 0.37228352 0.67449294 9.6829151 
27.37 0.40411313 0.73898547 9.4308226 
27.38 0.43936236 0.81002983 9.1858795 
27.39 0.47836465 0.8883695 8.9480035 
27.4 0.52149621 0.97482648 8.7171373 
27.41 0.56917983 1.0703108 8.4932528 
27.42 0.62188933 1.1758308 8.2763563 
27.43 0.68015466 1.2925049 8.0664953 
27.44 0.74456752 1.4215732 7.8637667 
27.45 0.81578779 1.5644118 7.6683267 
27.46 0.89455067 1.7225469 7.4804032 
27.47 0.98167451 1.8976706 7.3003112 
27.48 1.0780695 2.0916577 7.1284711 
27.49 1.1847472 2.3065835 6.9654322 
27.5 1.3028308 2.5447419 6.8119005 
27.51 1.4335663 2.808664 6.6687732 
27.52 1.5783341 3.1011363 6.5371815 
27.53 1.7386616 3.4252176 6.4185417 
27.54 1.9162354 3.7842527 6.3146186 
27.55 2.1129145 4.1818815 6.2276018 
27.56 2.3307414 4.6220405 6.160198 
27.57 2.5719532 5.1089526 6.1157425 
27.58 2.8389884 5.6471001 6.098332 
27.59 3.1344908 6.2411729 6.1129813 
27.6 3.4613058 6.8959827 6.1658071 
27.61 3.8224664 7.6163311 6.2642385 
27.62 4.2211659 8.4068127 6.4172541 
27.63 4.6607099 9.2715347 6.6356387 
27.64 5.1444416 10.213726 6.9322494 
27.65 5.6756298 11.235203 7.3222682 
27.66 6.257309 12.335668 7.8234052 
27.67 6.8920584 13.511792 8.455998 
27.68 7.5817029 14.756073 9.2429217 
27.69 8.3269227 16.055451 10.209198 
27.7 9.1267586 17.389724 11.38115 
27.71 9.9780062 18.729865 12.784928 
27.72 10.874511 20.036426 14.444208 
27.73 11.806398 21.258392 16.376917 
27.74 12.759303 22.332966 18.590931 
27.75 13.713728 23.186923 21.078946 
27.76 14.644696 23.740221 23.813038 
27.77 15.521906 23.912401 26.739942 
27.78 16.310626 23.631824 29.778481 
27.79 16.973494 22.846989 32.820811 
27.8 17.47325 21.538103 35.738853 
27.81 17.776212 19.726161 38.396228 
27.82 17.856052 17.476529 40.664414 
27.83 17.69718 14.894917 42.440041 
27.84 17.297052 12.115554 43.659239 
27.85 16.66683 9.283855 44.305313 
27.86 15.830226 6.5376428 44.407873 
27.87 14.820784 3.9913148 44.03415 
27.88 13.678186 1.7260916 43.275368 
27.89 12.444325 -0.21270134 42.231939 
27.9 11.159798 -1.8123837 41.000728 
27.91 9.8612407 -3.0859427 39.66624 
27.92 8.5796589 -4.063721 38.296117 
27.93 7.339703 -4.7856168 36.940235 
27.94 6.1596785 -5.2948357 35.632244 
27.95 5.0520612 -5.6335163 34.392394 
27.96 4.0242946 -5.8400844 33.230723 
27.97 3.0796931 -5.9479618 32.150052 
27.98 2.2183344 -5.9852156 31.148495 
27.99 1.4378691 -5.974785 30.221399 
28 0.73421553 -5.9350145 29.362742 
28.01 0.10213091 -5.8803077 28.56609 
28.02 -0.46433577 -5.8217914 27.825197 
28.03 -0.97149466 -5.7679292 27.134354 
28.04 -1.425754 -5.7250583 26.488564 
28.05 -1.8334312 -5.6978422 25.883602 
28.06 -2.2006204 -5.6896434 25.316006 
28.07 -2.5331056 -5.7028258 24.783026 
28.08 -2.8363069 -5.7389951 24.282562 
28.09 -3.1152525 -5.7991892 23.813088 
28.1 -3.3745697 -5.8840252 23.373589 
28.11 -3.6184883 -5.9938127 22.963498 
28.12 -3.8508539 -6.1286372 22.582646 
28.13 -4.0751457 -6.2884195 22.231218 
28.14 -4.2944981 -6.4729549 21.909727 
28.15 -4.5117225 -6.6819347 21.618979 
28.16 -4.7293288 -6.914952 21.360063 
28.17 -4.9495442 -7.1714946 21.134331 
28.18 -5.1743293 -7.4509244 20.943386 
28.19 -5.4053903 -7.7524456 20.789074 
28.2 -5.6441857 -8.0750627 20.673461 
28.21 -5.891929 -8.4175272 20.598822 
28.22 -6.1495846 -8.7782764 20.567611 
28.23 -6.4178582 -9.1553634 20.582422 
28.24 -6.6971819 -9.5463816 20.645943 
28.25 -6.9876918 -9.9483851 20.760881 
28.26 -7.2892016 -10.35781 20.92988 
28.27 -7.6011706 -10.770398 21.155402 
28.28 -7.9226683 -11.181139 21.43959 
28.29 -8.2523375 -11.584223 21.784098 
28.3 -8.5883581 -11.973029 22.189898 
28.31 -8.9284147 -12.340155 22.657059 
28.32 -9.2696734 -12.6775 23.184512 
28.33 -9.6087706 -12.976407 23.769808 
28.34 -9.9418208 -13.227886 24.408895 
28.35 -10.264448 -13.422914 25.095919 
28.36 -10.571849 -13.55281 25.823098 
28.37 -10.858884 -13.609684 26.580675 
28.38 -11.120209 -13.586921 27.356997 
28.39 -11.350444 -13.479685 28.138729 
28.4 -11.544363 -13.285388 28.911215 
28.41 -11.697118 -13.004073 29.658995 
28.42 -11.804463 -12.638668 30.366435 
28.43 -11.862978 -12.19506 31.018439 
28.44 -11.870269 -11.681963 31.601191 
28.45 -11.825121 -11.11058 32.102843 
28.46 -11.727602 -10.494067 32.514087 
28.47 -11.579092 -9.8468608 32.82856 
28.48 -11.382244 -9.183918 33.043036 
28.49 -11.140878 -8.5199515 33.157397 
28.5 -10.85981 -7.8687297 33.174397 
28.51 -10.544635 -7.2424987 33.099258 
28.52 -10.201494 -6.6515673 32.939155 
28.53 -9.8368182 -6.1040694 32.702648 
28.54 -9.4570927 -5.6059001 32.399114 
28.55 -9.0686414 -5.1607994 32.038236 
28.56 -8.6774456 -4.7705532 31.629561 
28.57 -8.2890041 -4.4352694 31.182173 
28.58 -7.9082338 -4.1536954 30.704451 
28.59 -7.5394123 -3.9235437 30.203934 
28.6 -7.1861547 -3.741801 29.687259 
28.61 -6.8514218 -3.6050062 29.160163 
28.62 -6.5375514 -3.5094863 28.627533 
28.63 -6.2463066 -3.4515472 28.093482 
28.64 -5.9789367 -3.4276207 27.561444 
28.65 -5.7362427 -3.4343723 27.034274 
28.66 -5.5186468 -3.4687723 26.514344 
28.67 -5.3262591 -3.5281402 26.003639 
28.68 -5.158942 -3.6101638 25.503835 
28.69 -5.0163687 -3.7129026 25.016376 
28.7 -4.8980767 -3.8347767 24.542536 
28.71 -4.8035139 -3.9745469 24.083473 
28.72 -4.7320779 -4.131289 23.640275 
28.73 -4.68315 -4.3043633 23.214001 
28.74 -4.6561218 -4.4933823 22.805712 
28.75 -4.650417 -4.698177 22.416505 
28.76 -4.6655069 -4.9187626 22.047533 
28.77 -4.7009224 -5.1553034 21.700036 
28.78 -4.7562602 -5.4080774 21.375359 
28.79 -4.8311859 -5.6774396 21.074975 
28.8 -4.925433 -5.9637841 20.800502 
28.81 -5.0387981 -6.2675031 20.553723 
28.82 -5.1711326 -6.588943 20.336604 
28.83 -5.3223307 -6.9283562 20.151304 
28.84 -5.4923143 -7.2858474 20.000192 
28.85 -5.6810129 -7.6613129 19.885846 
28.86 -5.8883402 -8.0543739 19.811059 
28.87 -6.1141657 -8.4643012 19.778824 
28.88 -6.3582815 -8.8899318 19.792316 
28.89 -6.6203645 -9.3295787 19.854852 
28.9 -6.8999324 -9.7809348 19.969837 
28.91 -7.1962952 -10.240973 20.140677 
28.92 -7.5085017 -10.705848 20.370679 
28.93 -7.8352821 -11.170807 20.6629 
28.94 -8.1749882 -11.630116 21.019973 
28.95 -8.5255331 -12.07701 21.443889 
28.96 -8.8843351 -12.503695 21.935748 
28.97 -9.2482681 -12.901394 22.495471 
28.98 -9.6136258 -13.26048 23.121505 
28.99 -9.9761052 -13.570684 23.810512 
29 -10.330817 -13.821417 24.557095 
29.01 -10.672332 -14.002184 25.353573 
29.02 -10.994761 -14.103113 26.189852 
29.03 -11.291893 -14.115545 27.05343 
29.04 -11.557367 -14.032681 27.929572 
29.05 -11.784897 -13.850208 28.801674 
29.06 -11.968527 -13.566854 29.651832 
29.07 -12.102911 -13.184799 30.461587 
29.08 -12.183595 -12.70986 31.212807 
29.09 -12.207279 -12.151432 31.888623 
29.1 -12.172027 -11.522132 32.47435 
29.11 -12.077423 -10.837185 32.958264 
29.12 -11.924632 -10.1136 33.332184 
29.13 -11.716374 -9.3692079 33.591773 
29.14 -11.456807 -8.6216759 33.736549 
29.15 -11.151329 -7.8875895 33.769616 
29.16 -10.80632 -7.1816905 33.697159 
29.17 -10.428841 -6.5163276 33.527788 
29.18 -10.026328 -5.9011436 33.271806 
29.19 -9.606292 -5.3429942 32.940473 
29.2 -9.1760513 -4.8460636 32.545353 
29.21 -8.7425063 -4.4121323 32.097759 
29.22 -8.3119687 -4.040942 31.608341 
29.23 -7.890043 -3.7306082 31.086803 
29.24 -7.4815592 -3.4780376 30.541747 
29.25 -7.0905509 -3.279319 29.980623 
29.26 -6.7202702 -3.130067 29.409749 
29.27 -6.3732312 -3.025709 28.834393 
29.28 -6.0512741 -2.9617115 28.258885 
29.29 -5.7556415 -2.9337498 27.686746 
29.3 -5.4870611 -2.9378272 27.120817 
29.31 -5.2458303 -2.9703506 26.563385 
29.32 -5.0318977 -3.0281721 26.016295 
29.33 -4.844939 -3.1086039 25.481052 
29.34 -4.6844277 -3.209413 24.958907 
29.35 -4.5496956 -3.3288022 24.450928 
29.36 -4.4399874 -3.4653825 23.958059 
29.37 -4.3545059 -3.6181382 23.481173 
29.38 -4.2924494 -3.7863912 23.021113 
29.39 -4.253043 -3.9697626 22.578724 
29.4 -4.2355623 -4.1681351 22.154887 
29.41 -4.239352 -4.3816163 21.750544 
29.42 -4.2638387 -4.6105023 21.366721 
29.43 -4.3085394 -4.8552429 21.004553 
29.44 -4.373066 -5.1164063 20.665304 
29.45 -4.4571256 -5.3946444 20.350391 
29.46 -4.5605179 -5.6906556 20.061403 
29.47 -4.6831286 -6.0051462 19.800125 
29.48 -4.8249205 -6.3387875 19.568559 
29.49 -4.98592 -6.6921685 19.368938 
29.5 -5.1662009 -7.065742 19.203755 
29.51 -5.365864 -7.4597621 19.075764 
29.52 -5.5850124 -7.8742138 18.987999 
29.53 -5.8237215 -8.3087311 18.943771 
29.54 -6.0820042 -8.7625044 18.946654 
29.55 -6.3597693 -9.2341757 19.000462 
29.56 -6.656774 -9.7217243 19.109201 
29.57 -6.9725694 -10.222342 19.276996 
29.58 -7.3064384 -10.732306 19.507982 
29.59 -7.657329 -11.246849 19.806164 
29.6 -8.0237799 -11.760049 20.175221 
29.61 -8.4038457 -12.264727 20.618271 
29.62 -8.7950201 -12.752407 21.137576 
29.63 -9.1941655 -13.213314 21.734207 
29.64 -9.5974537 -13.636472 22.407656 
29.65 -10.000325 -14.009896 23.155444 
29.66 -10.397478 -14.320924 23.972721 
29.67 -10.782895 -14.556677 24.851925 
29.68 -11.14992 -14.704673 25.782528 
29.69 -11.491391 -14.753562 26.750938 
29.7 -11.799835 -14.693951 27.740609 
29.71 -12.067726 -14.519252 28.732404 
29.72 -12.287794 -14.226466 29.705223 
29.73 -12.453377 -13.816808 30.636904 
29.74 -12.55878 -13.29607 31.505329 
29.75 -12.599627 -12.674639 32.289658 
29.76 -12.573155 -11.967132 32.971547 
29.77 -12.478431 -11.191657 33.536238 
29.78 -12.316462 -10.368761 33.973372 
29.79 -12.090181 -9.520175 34.277445 
29.8 -11.804314 -8.6675014 34.447846 
29.81 -11.465138 -7.8309918 34.488521 
29.82 -11.080151 -7.0285299 34.407301 
29.83 -10.657696 -6.2749109 34.215023 
29.84 -10.20656 -5.5814491 33.924546 
29.85 -9.7356016 -4.9559013 33.549787 
29.86 -9.2534074 -4.4026562 33.104861 
29.87 -8.768017 -3.9231215 32.603385 
29.88 -8.2867147 -3.5162293 32.057972 
29.89 -7.8158929 -3.1789917 31.479906 
29.9 -7.3609805 -2.9070476 30.878991 
29.91 -6.926429 -2.6951615 30.263519 
29.92 -6.5157431 -2.5376506 29.640352 
29.93 -6.1315461 -2.4287295 29.015046 
29.94 -5.7756668 -2.3627728 28.392023 
29.95 -5.4492406 -2.3345036 27.77475 
29.96 -5.1528144 -2.3391175 27.165909 
29.97 -4.8864521 -2.3723545 26.56756 
29.98 -4.6498337 -2.4305302 25.981278 
29.99 -4.4423472 -2.5105374 25.408277 
30 -4.2631701 -2.6098262 24.849504 
30.01 -4.1113414 -2.726371 24.305723 
30.02 -3.9858223 -2.858629 23.77758 
30.03 -3.8855478 -3.0054943 23.265651 
30.04 -3.8094679 -3.166252 22.770488 
30.05 -3.756582 -3.3405323 22.292651 
30.06 -3.7259641 -3.5282675 21.832734 
30.07 -3.716783 -3.7296516 21.391393 
30.08 -3.7283162 -3.9451028 20.969367 
30.09 -3.7599591 -4.1752288 20.567499 
30.1 -3.8112305 -4.4207941 20.186753 
30.11 -3.8817738 -4.6826893 19.828242 
30.12 -3.9713562 -4.9619 19.493246 
30.13 -4.079864 -5.2594755 19.183237 
30.14 -4.207296 -5.5764959 18.8999 
30.15 -4.3537539 -5.9140346 18.645168 
30.16 -4.5194298 -6.273117 18.421237 
30.17 -4.7045911 -6.6546709 18.230603 
30.18 -4.9095606 -7.0594692 18.076083 
30.19 -5.1346941 -7.488061 17.960836 
30.2 -5.3803515 -7.9406898 17.888385 
30.21 -5.6468631 -8.4171975 17.862623 
30.22 -5.9344887 -8.916911 17.887807 
30.23 -6.2433693 -9.4385123 17.96854 
30.24 -6.57347 -9.9798919 18.109723 
30.25 -6.9245137 -10.537986 18.316469 
30.26 -7.2959048 -11.108605 18.593989 
30.27 -7.6866442 -11.686256 18.947411 
30.28 -8.0952357 -12.263981 19.381545 
30.29 -8.5195859 -12.83321 19.900582 
30.3 -8.956904 -13.383682 20.507706 
30.31 -9.4036051 -13.903422 21.204649 
30.32 -9.855227 -14.378855 21.991176 
30.33 -10.306372 -14.795044 22.864531 
30.34 -10.750685 -15.13613 23.818897 
30.35 -11.180888 -15.385961 24.844912 
30.36 -11.588875 -15.528932 25.92932 
30.37 -11.965898 -15.551017 27.054852 
30.38 -12.302825 -15.440905 28.200399 
30.39 -12.590497 -15.191176 29.341567 
30.4 -12.820152 -14.79935 30.451623 
30.41 -12.983899 -14.268678 31.502809 
30.42 -13.075201 -13.608514 32.467939 
30.43 -13.089325 -12.834167 33.32212 
30.44 -13.023705 -11.966188 34.044387 
30.45 -12.878183 -11.029141 34.619065 
30.46 -12.655081 -10.04998 35.036661 
30.47 -12.35911 -9.0562452 35.29419 
30.48 -11.997107 -8.0742793 35.394909 
30.49 -11.577645 -7.1276962 35.34753 
30.5 -11.110548 -6.2362344 35.165069 
30.51 -10.606368 -5.4150863 34.863494 
30.52 -10.075866 -4.6746977 34.460356 
30.53 -9.529554 -4.0209739 33.973558 
30.54 -8.9773025 -3.4557906 33.420355 
30.55 -8.4280559 -2.97769 32.816622 
30.56 -7.8896379 -2.5826533 32.176408 
30.57 -7.3686526 -2.2648628 31.51173 
30.58 -6.8704632 -2.0173888 30.832552 
30.59 -6.3992331 -1.8327708 30.146912 
30.6 -5.9580131 -1.7034768 29.461125 
30.61 -5.5488576 -1.6222441 28.780031 
30.62 -5.1729572 -1.5823153 28.10725 
30.63 -4.830777 -1.5775851 27.445424 
30.64 -4.5221917 -1.6026778 26.796434 
30.65 -4.2466128 -1.6529715 26.16159 
30.66 -4.0031041 -1.7245856 25.541779 
30.67 -3.7904834 -1.8143435 24.937594 
30.68 -3.607411 -1.9197195 24.349424 
30.69 -3.4524632 -2.0387789 23.777535 
30.7 -3.3241936 -2.1701148 23.222123 
30.71 -3.2211829 -2.3127865 22.683355 
30.72 -3.1420774 -2.4662618 22.161403 
30.73 -3.0856189 -2.6303627 21.656472 
30.74 -3.0506676 -2.8052186 21.168812 
30.75 -3.0362173 -2.9912237 20.698743 
30.76 -3.0414066 -3.1890003 20.246668 
30.77 -3.0655248 -3.399367 19.813086 
30.78 -3.1080152 -3.6233113 19.398613 
30.79 -3.1684753 -3.8619646 19.003992 
30.8 -3.2466546 -4.1165807 18.630124 
30.81 -3.3424507 -4.3885145 18.278076 
30.82 -3.455904 -4.679201 17.949119 
30.83 -3.5871906 -4.9901327 17.644746 
30.84 -3.7366136 -5.3228343 17.366706 
30.85 -3.9045929 -5.6788316 17.117041 
30.86 -4.0916518 -6.0596145 16.898115 
30.87 -4.2984023 -6.4665902 16.71266 
30.88 -4.5255258 -6.9010252 16.563809 
30.89 -4.7737496 -7.3639721 16.455142 
30.9 -5.043818 -7.8561795 16.390712 
30.91 -5.3364566 -8.3779805 16.37508 
30.92 -5.6523282 -8.9291583 16.41333 
30.93 -5.991979 -9.5087847 16.511065 
30.94 -6.3557729 -10.115032 16.674376 
30.95 -6.7438129 -10.744955 16.909772 
30.96 -7.1558487 -11.394257 17.224063 
30.97 -7.5911687 -12.057025 17.624167 
30.98 -8.0484781 -12.72548 18.116836 
30.99 -8.5257649 -13.389736 18.708289 
31 -9.0201575 -14.037607 19.403721 
31.01 -9.5277832 -14.654522 20.206705 
31.02 -10.043636 -15.223561 21.118478 
31.03 -10.561473 -15.725716 22.13715 
31.04 -11.073754 -16.140397 23.256878 
31.05 -11.571652 -16.446251 24.467104 
31.06 -12.045157 -16.622314 25.751951 
31.07 -12.483293 -16.649463 27.089936 
31.08 -12.874466 -16.5121 28.454121 
31.09 -13.206941 -16.199895 29.812842 
31.1 -13.469438 -15.709391 31.131055 
31.11 -13.651805 -15.045199 32.372281 
31.12 -13.74571 -14.220542 33.500987 
31.13 -13.745281 -13.256971 34.485156 
31.14 -13.647613 -12.183177 35.298696 
31.15 -13.453078 -11.033017 35.923343 
31.16 -13.165381 -9.8429771 36.349783 
31.17 -12.791364 -8.6494371 36.577839 
31.18 -12.34057 -7.4861067 36.615747 
31.19 -11.824625 -6.3819541 36.478689 
31.2 -11.256518 -5.3598369 36.186859 
31.21 -10.649854 -4.4358984 35.763375 
31.22 -10.018157 -3.619666 35.232325 
31.23 -9.3742751 -2.9146958 34.617125 
31.24 -8.7299213 -2.3195682 33.939323 
31.25 -8.0953658 -1.829042 33.217846 
31.26 -7.4792645 -1.4352092 32.468653 
31.27 -6.888611 -1.12854 31.704706 
31.28 -6.328784 -0.89875663 30.936167 
31.29 -5.8036646 -0.73551225 30.170728 
31.3 -5.3157969 -0.62888287 29.413999 
31.31 -4.8665728 -0.56969345 28.669909 
31.32 -4.4564233 -0.54970925 27.941074 
31.33 -4.0850038 -0.56172377 27.229119 
31.34 -3.7513674 -0.59957174 26.534952 
31.35 -3.4541194 -0.65809144 25.858974 
31.36 -3.1915527 -0.73305523 25.201248 
31.37 -2.9617619 -0.82108273 24.561623 
31.38 -2.7627385 -0.91954702 23.939827 
31.39 -2.5924476 -1.0264806 23.335526 
31.4 -2.4488893 -1.1404862 22.748372 
31.41 -2.330145 -1.2606546 22.178031 
31.42 -2.2344129 -1.3864914 21.6242 
31.43 -2.160033 -1.517853 21.086623 
31.44 -2.1055044 -1.6548921 20.565094 
31.45 -2.0694959 -1.7980117 20.059467 
31.46 -2.050852 -1.9478272 19.569658 
31.47 -2.0485946 -2.1051365 19.095652 
31.48 -2.0619225 -2.2708955 18.637507 
31.49 -2.0902088 -2.4462005 18.195361 
31.5 -2.1329965 -2.6322739 17.769441 
31.51 -2.1899943 -2.830455 17.360077 
31.52 -2.2610713 -3.042193 16.967712 
31.53 -2.3462523 -3.2690422 16.59292 
31.54 -2.4457123 -3.5126585 16.236425 
31.55 -2.5597723 -3.7747961 15.899128 
31.56 -2.688894 -4.0573033 15.582128 
31.57 -2.8336757 -4.3621159 15.286762 
31.58 -2.9948465 -4.6912477 15.014635 
31.59 -3.1732611 -5.046775 14.76767 
31.6 -3.3698925 -5.4308144 14.548148 
31.61 -3.5858235 -5.8454901 14.358769 
31.62 -3.8222342 -6.2928895 14.202709 
31.63 -4.0803871 -6.7750007 14.083685 
31.64 -4.3616057 -7.2936308 14.006022 
31.65 -4.6672464 -7.8502971 13.974723 
31.66 -4.9986615 -8.4460882 13.995533 
31.67 -5.3571503 -9.0814864 14.074995 
31.68 -5.7438965 -9.7561478 14.220484 
31.69 -6.1598878 -10.468633 14.44021 
31.7 -6.6058149 -11.216088 14.743175 
31.71 -7.0819481 -11.993868 15.139055 
31.72 -7.5879868 -12.795128 15.637982 
31.73 -8.1228829 -13.610371 16.250203 
31.74 -8.6846383 -14.427013 16.985567 
31.75 -9.2700821 -15.228991 17.852822 
31.76 -9.8746364 -15.996494 18.858695 
31.77 -10.492089 -16.705914 20.006751 
31.78 -11.1144 -17.330118 21.296072 
31.79 -11.731566 -17.839181 22.719836 
31.8 -12.331605 -18.201665 24.26394 
31.81 -12.900684 -18.38653 25.905902 
31.82 -13.423451 -18.365621 27.614296 
31.83 -13.883591 -18.116598 29.349024 
31.84 -14.264623 -17.625976 31.062671 
31.85 -14.55089 -16.891829 32.70304 
31.86 -14.728679 -15.925629 34.216769 
31.87 -14.78735 -14.752725 35.553664 
31.88 -14.720317 -13.411174 36.671136 
31.89 -14.525748 -11.948913 37.538035 
31.9 -14.206865 -10.419648 38.137203 
31.91 -13.771778 -8.8780829 38.466324 
31.92 -13.232891 -7.3752868 38.536981 
31.93 -12.605953 -5.9548882 38.372217 
31.94 -11.908899 -4.6505797 38.003146 
31.95 -11.160635 -3.4850858 37.465239 
31.96 -10.37991 -2.4704597 36.794901 
31.97 -9.5843641 -1.6093751 36.026707 
31.98 -8.7898385 -0.89700019 35.191503 
31.99 -8.0099254 -0.32306946 34.31536 
32 -7.2557653 0.12614454 33.419257 
32.01 -6.5360342 0.46614173 32.519293 
32.02 -5.8570769 0.7128705 31.627225 
32.03 -5.223135 0.88177483 30.751178 
32.04 -4.6366273 0.98717214 29.896383 
32.05 -4.0984499 1.0418992 29.065868 
32.06 -3.6082702 1.05716 28.261062 
32.07 -3.1648012 1.042514 27.482284 
32.08 -2.766045 1.0059571 26.729128 
32.09 -2.4095034 0.95405475 26.000748 
32.1 -2.0923539 0.89210201 25.296062 
32.11 -1.8115934 0.82429108 24.613895 
32.12 -1.5641524 0.75387466 23.953068 
32.13 -1.3469831 0.6833181 23.31245 
32.14 -1.1571256 0.61443683 22.690994 
32.15 -0.99175539 0.54851744 22.087741 
32.16 -0.84821572 0.48642255 21.501829 
32.17 -0.72403727 0.42868021 20.932481 
32.18 -0.61694859 0.37555895 20.379003 
32.19 -0.52487882 0.32713023 19.840769 
32.2 -0.4459548 0.28331951 19.317215 
32.21 -0.37849405 0.24394773 18.807827 
32.22 -0.32099495 0.20876432 18.312134 
32.23 -0.272125 0.1774733 17.8297 
32.24 -0.23070801 0.14975339 17.36012 
32.25 -0.1957109 0.1252733 16.903012 
32.26 -0.16623045 0.10370304 16.458018 
32.27 -0.14148037 0.084722009 16.024795 
32.28 -0.12077904 0.068024483 15.603016 
32.29 -0.10353792 0.053323151 15.192368 
32.3 -0.089250841 0.040351021 14.792547 
32.31 -0.077484199 0.028862164 14.403264 
32.32 -0.06786804 0.018631566 14.024236 
32.33 -0.060088046 0.009454333 13.65519 
32.34 -0.053878384 0.0011444514 13.295861 
32.35 -0.049015367 -0.0064667578 12.945992 
32.36 -0.045311881 -0.013532363 12.605332 
32.37 -0.042612499 -0.020191647 12.27364 
32.38 -0.04078925 -0.026571965 11.950678 
32.39 -0.039737957 -0.032790596 11.636216 
32.4 -0.039375105 -0.038956555 11.330032 
32.41 -0.03963517 -0.045172355 11.031907 
32.42 -0.040468376 -0.051535705 10.74163 
32.43 -0.041838815 -0.058141151 10.458994 
32.44 -0.043722904 -0.065081659 10.1838 
32.45 -0.046108139 -0.072450158 9.915851 
32.46 -0.048992105 -0.080341043 9.6549586 
32.47 -0.052381734 -0.088851674 9.4009379 
32.48 -0.056292768 -0.098083861 9.1536093 
32.49 -0.060749411 -0.10814538 8.9127985 
32.5 -0.065784177 -0.11915152 8.6783358 
32.51 -0.071437881 -0.1312267 8.4500566 
32.52 -0.077759806 -0.14450618 8.2278011 
32.53 -0.084808011 -0.15913781 8.0114144 
32.54 -0.092649791 -0.17528404 7.8007464 
32.55 -0.10136228 -0.19312396 7.5956518 
32.56 -0.11103322 -0.2128556 7.3959906 
32.57 -0.12176186 -0.23469843 7.2016276 
32.58 -0.13366003 -0.25889615 7.012433 
32.59 -0.14685342 -0.28571966 6.8282828 
32.6 -0.16148297 -0.31547051 6.6490587 
32.61 -0.17770654 -0.34848462 6.4746491 
32.62 -0.19570079 -0.38513642 6.304949 
32.63 -0.21566321 -0.42584357 6.1398616 
32.64 -0.23781457 -0.47107205 5.9792987 
32.65 -0.26240153 -0.52134202 5.823182 
32.66 -0.28969966 -0.57723419 5.6714449 
32.67 -0.32001678 -0.63939705 5.5240341 
32.68 -0.35369673 -0.70855488 5.3809126 
32.69 -0.39112358 -0.78551663 5.2420618 
32.7 -0.43272633 -0.8711859 5.1074863 
32.71 -0.47898415 -0.96657199 4.977218 
32.72 -0.53043227 -1.0728021 4.8513222 
32.73 -0.58766851 -1.191135 4.7299048 
32.74 -0.65136054 -1.3229759 4.6131218 
32.75 -0.72225395 -1.4698929 4.5011902 
32.76 -0.80118125 -1.6336353 4.3944027 
32.77 -0.88907169 -1.8161528 4.2931449 
32.78 -0.98696221 -2.0196171 4.1979173 
32.79 -1.0960094 -2.2464439 4.1093628 
32.8 -1.2175023 -2.4993171 4.0282999 
32.81 -1.3528768 -2.7812127 3.9557652 
32.82 -1.5037305 -3.0954232 3.8930648 
32.83 -1.6718382 -3.4455801 3.8418382 
32.84 -1.8591691 -3.8356739 3.8041375 
32.85 -2.0679023 -4.2700679 3.7825238 
32.86 -2.3004432 -4.7535026 3.7801854 
32.87 -2.5594372 -5.2910852 3.8010818 
32.88 -2.8477807 -5.8882575 3.8501166 
32.89 -3.1686259 -6.5507309 3.933345 
32.9 -3.5253774 -7.2843756 4.0582177 
32.91 -3.9216754 -8.0950453 4.2338639 
32.92 -4.3613594 -8.9883134 4.4714108 
32.93 -4.8484057 -9.9690895 4.7843327 
32.94 -5.3868261 -11.041078 5.1888105 
32.95 -5.9805157 -12.206036 5.7040695 
32.96 -6.6330327 -13.462775 6.3526387 
32.97 -7.34729 -14.805866 7.1604428 
32.98 -8.1251372 -16.224015 8.1565963 
32.99 -8.9668113 -17.698102 9.3727159 
33 -9.8702404 -19.198982 10.841515 
33.01 -10.830199 -20.685211 12.594407 
33.02 -11.837337 -22.101105 14.65784 
33.03 -12.877162 -23.375695 17.048197 
33.04 -13.929085 -24.423456 19.765332 
33.05 -14.96576 -25.147788 22.785271 
33.06 -15.952992 -25.448189 26.053258 
33.07 -16.850524 -25.231519 29.479056 
33.08 -17.614009 -24.426698 32.936913 
33.09 -18.19827 -23.000595 36.272439 
33.1 -18.561672 -20.971334 39.317358 
33.11 -18.671038 -18.414551 41.910732 
33.12 -18.506201 -15.459125 43.922524 
33.13 -18.063168 -12.271764 45.273495 
33.14 -17.355092 -9.0335652 45.945841 
33.15 -16.410762 -5.9145134 45.981706 
33.16 -15.270984 -3.0524315 45.470707 
33.17 -13.983708 -0.54081576 44.53089 
33.18 -12.598948 1.5733724 43.288705 
33.19 -11.164388 3.2839134 41.862569 
33.2 -9.7222029 4.6150224 40.352326 
33.21 -8.3072417 5.6099687 38.834691 
33.22 -6.9464119 6.3210354 37.363385 
33.23 -5.658965 6.8019818 35.972117 
33.24 -4.4573402 7.1031713 34.678827 
33.25 -3.3482776 7.2689575 33.490027 
33.26 -2.3339901 7.3367095 32.404614 
33.27 -1.4132619 7.3368808 31.416884 
33.28 -0.58240472 7.2936498 30.518746 
33.29 0.16395139 7.2258057 29.70124 
33.3 0.83223053 7.1476792 28.955502 
33.31 1.429429 7.0700083 28.273329 
33.32 1.9627562 7.0006914 27.647469 
33.33 2.4393758 6.9454143 27.071723 
33.34 2.8662246 6.9081578 26.540948 
33.35 3.2498923 6.8916006 26.05098 
33.36 3.5965465 6.8974334 25.598547 
33.37 3.9118912 6.9266021 25.18115 
33.38 4.2011488 6.9794926 24.796969 
33.39 4.4690607 7.05607 24.444754 
33.4 4.7198973 7.1559807 24.12375 
33.41 4.9574768 7.2786255 23.833613 
33.42 5.185187 7.4232094 23.574352 
33.43 5.4060098 7.5887717 23.346276 
33.44 5.6225442 7.7742005 23.149941 
33.45 5.8370293 7.9782357 22.986115 
33.46 6.0513633 8.1994597 22.855736 
33.47 6.2671209 8.4362813 22.759876 
33.48 6.485566 8.6869124 22.6997 
33.49 6.7076616 8.9493407 22.676426 
33.5 6.9340755 9.2212991 22.691277 
33.51 7.1651825 9.5002353 22.745425 
33.52 7.401064 9.7832842 22.839935 
33.53 7.6415049 10.067244 22.975686 
33.54 7.885989 10.348562 23.153297 
33.55 8.133694 10.623334 23.373038 
33.56 8.3834876 10.887313 23.63473 
33.57 8.633926 11.135948 23.937649 
33.58 8.8832573 11.364441 24.280418 
33.59 9.1294308 11.567828 24.660917 
33.6 9.3701154 11.741097 25.076192 
33.61 9.6027276 11.879326 25.52239 
33.62 9.8244732 11.977855 25.994723 
33.63 10.0324 12.032477 26.487466 
33.64 10.223467 12.039638 26.994005 
33.65 10.394625 11.996645 27.506936 
33.66 10.542906 11.901855 28.018212 
33.67 10.665528 11.75484 28.51936 
33.68 10.759995 11.556504 29.001725 
33.69 10.824203 11.309135 29.45676 
33.7 10.856531 11.0164 29.876334 
33.71 10.855927 10.683248 30.253029 
33.72 10.821963 10.315751 30.580417 
33.73 10.754876 9.9208737 30.853293 
33.74 10.655576 9.5061967 31.067832 
33.75 10.525625 9.0796091 31.221689 
33.76 10.367189 8.6489958 31.314004 
33.77 10.182966 8.2219421 31.345338 
33.78 9.9760936 7.8054743 31.317543 
33.79 9.7500443 7.4058528 31.233583 
33.8 9.5085125 7.0284264 31.097312 
33.81 9.2553025 6.6775493 30.913252 
33.82 8.9942216 6.3565595 30.686365 
33.83 8.7289842 6.0678087 30.421842 
33.84 8.4631303 5.8127361 30.124921 
33.85 8.1999599 5.591971 29.800741 
33.86 7.9424846 5.4054556 29.454222 
33.87 7.6933958 5.2525741 29.089991 
33.88 7.4550486 5.1322826 28.712325 
33.89 7.2294586 5.04323 28.325137 
33.9 7.0183109 4.9838675 27.931967 
33.91 6.8229771 4.9525424 27.536004 
33.92 6.6445391 4.9475763 27.140103 
33.93 6.4838175 4.9673269 26.746827 
33.94 6.3414023 5.0102341 26.358479 
33.95 6.217684 5.0748531 25.977141 
33.96 6.1128852 5.1598745 25.604715 
33.97 6.0270895 5.2641344 25.242955 
33.98 5.9602688 5.3866161 24.893504 
33.99 5.9123082 5.5264436 24.557925 
34 5.8830264 5.6828706 24.237726 
34.01 5.8721941 5.855263 23.934387 
34.02 5.879548 6.0430792 23.649382 
34.03 5.904802 6.2458457 23.384197 
34.04 5.9476541 6.4631303 23.140345 
34.05 6.007791 6.6945127 22.91938 
34.06 6.0848884 6.9395525 22.722906 
34.07 6.1786085 7.1977545 22.552583 
34.08 6.2885947 7.468532 22.410126 
34.09 6.4144621 7.7511681 22.297306 
34.1 6.5557865 8.0447738 22.215939 
34.11 6.7120893 8.3482461 22.16787 
34.12 6.8828206 8.660223 22.154951 
34.13 7.0673386 8.9790405 22.179008 
34.14 7.2648879 9.3026891 22.241799 
34.15 7.4745757 9.6287747 22.344957 
34.16 7.695346 9.9544843 22.489931 
34.17 7.9259546 10.276562 22.677898 
34.18 8.1649435 10.591294 22.909677 
34.19 8.4106184 10.894518 23.185625 
34.2 8.6610291 11.181645 23.505523 
34.21 8.9139557 11.447713 23.868457 
34.22 9.1669027 11.687471 24.272706 
34.23 9.4171028 11.895496 24.715627 
34.24 9.661534 12.066347 25.193567 
34.25 9.8969502 12.194749 25.701799 
34.26 10.119929 12.275813 26.234497 
34.27 10.326938 12.305275 26.784762 
34.28 10.514413 12.27974 27.344714 
34.29 10.67886 12.196926 27.90564 
34.3 10.816962 12.055874 28.458215 
34.31 10.925697 11.857116 28.992785 
34.32 11.002458 11.60277 29.499694 
34.33 11.045165 11.296558 29.969644 
34.34 11.052365 10.943729 30.394056 
34.35 11.023312 10.55089 30.765411 
34.36 10.958012 10.125757 31.077542 
34.37 10.85725 9.6768301 31.325849 
34.38 10.722565 9.2130385 31.507426 
34.39 10.556205 8.743363 31.621092 
34.4 10.36105 8.2764789 31.667327 
34.41 10.140501 7.820439 31.648125 
34.42 9.8983599 7.3824187 31.566781 
34.43 9.6387024 6.9685348 31.427634 
34.44 9.365741 6.5837421 31.235798 
34.45 9.0837016 6.2318052 30.996886 
34.46 8.79671 5.915335 30.716761 
34.47 8.5086952 5.6358764 30.40132 
34.48 8.2233129 5.3940347 30.056315 
34.49 7.9438889 5.1896222 29.687222 
34.5 7.6733827 5.0218153 29.299147 
34.51 7.414369 4.8893083 28.896775 
34.52 7.1690362 4.7904581 28.484348 
34.53 6.9391968 4.7234124 28.065664 
34.54 6.726309 4.6862192 27.644106 
34.55 6.5315054 4.6769173 27.22267 
34.56 6.3556265 4.693606 26.804009 
34.57 6.1992573 4.7344977 26.39048 
34.58 6.0627638 4.7979539 25.984189 
34.59 5.9463296 4.8825071 25.587037 
34.6 5.8499896 4.9868711 25.200763 
34.61 5.773662 5.1099416 24.826981 
34.62 5.7171764 5.2507892 24.467216 
34.63 5.6802978 5.408646 24.12294 
34.64 5.6627477 5.5828869 23.795592 
34.65 5.6642208 5.7730079 23.486612 
34.66 5.6843973 5.9786001 23.197455 
34.67 5.7229529 6.1993214 22.929615 
34.68 5.7795633 6.4348658 22.684636 
34.69 5.8539064 6.6849293 22.464131 
34.7 5.9456604 6.9491746 22.269783 
34.71 6.0544989 7.2271916 22.10336 
34.72 6.1800825 7.518457 21.966707 
34.73 6.3220469 7.8222895 21.861749 
34.74 6.479988 8.1378032 21.790478 
34.75 6.6534444 8.4638589 21.754934 
34.76 6.8418754 8.799013 21.757179 
34.77 7.0446378 9.1414668 21.799261 
34.78 7.2609593 9.4890157 21.883162 
34.79 7.4899098 9.8390036 22.010735 
34.8 7.7303711 10.188282 22.183626 
34.81 7.9810071 10.53318 22.40318 
34.82 8.2402334 10.869492 22.670328 
34.83 8.5061904 11.19248 22.985468 
34.84 8.7767204 11.496911 23.348326 
34.85 9.0493511 11.777119 23.757816 
34.86 9.3212896 12.027109 24.211896 
34.87 9.5894281 12.240705 24.707445 
34.88 9.8503656 12.411736 25.240148 
34.89 10.100447 12.534269 25.804435 
34.9 10.335822 12.602878 26.393451 
34.91 10.552527 12.61293 26.999115 
34.92 10.746586 12.560889 27.612232 
34.93 10.914128 12.444591 28.222705 
34.94 11.051522 12.263493 28.819817 
34.95 11.155516 12.018844 29.392591 
34.96 11.223376 11.713772 29.930199 
34.97 11.25302 11.353263 30.422403 
34.98 11.243118 10.94402 30.859976 
34.99 11.193182 10.49422 31.235095 
35 11.103605 10.013164 31.541652 
35.01 10.975665 9.5108676 31.775456 
35.02 10.811489 8.9976095 31.934335 
35.03 10.613974 8.4834886 32.018101 
35.04 10.386675 7.9780147 32.028414 
35.05 10.133674 7.4897687 31.968555 
35.06 9.8594249 7.0261486 31.843126 
35.07 9.5685962 6.5932123 31.657731 
35.08 9.2659224 6.1956152 31.418638 
35.09 8.9560627 5.8366325 31.132469 
35.1 8.6434815 5.5182515 30.805927 
35.11 8.3323506 5.2413146 30.445566 
35.12 8.0264767 5.005693 30.057626 
35.13 7.7292525 4.8104761 29.647908 
35.14 7.4436313 4.6541592 29.221709 
35.15 7.1721202 4.5348203 28.783791 
35.16 6.9167915 4.4502781 28.338382 
35.17 6.6793054 4.3982272 27.889203 
35.18 6.4609436 4.3763486 27.439513 
35.19 6.2626479 4.3823963 26.992154 
35.2 6.085063 4.4142612 26.549614 
35.21 5.92858 4.4700158 26.11408 
35.22 5.7933794 4.547941 25.687491 
35.23 5.6794714 4.6465404 25.271594 
35.24 5.5867338 4.7645411 24.867983 
35.25 5.5149457 4.9008876 24.478148 
35.26 5.4638165 5.0547277 24.103509 
35.27 5.4330111 5.2253929 23.745447 
35.28 5.4221711 5.4123754 23.405336 
35.29 5.4309301 5.6153013 23.084568 
35.3 5.4589265 5.8339014 22.784571 
35.31 5.5058114 6.0679796 22.506835 
35.32 5.5712523 6.317379 22.252925 
35.33 5.6549343 6.5819454 22.024494 
35.34 5.7565559 6.8614884 21.823297 
35.35 5.875823 7.1557394 21.651195 
35.36 6.0124383 7.4643068 21.510159 
35.37 6.1660875 7.786627 21.402271 
35.38 6.3364224 8.1219126 21.329707 
35.39 6.5230397 8.4690968 21.294728 
35.4 6.7254573 8.8267754 21.29965 
35.41 6.9430864 9.1931467 21.346804 
35.42 7.1752013 9.5659516 21.438483 
35.43 7.4209059 9.9424159 21.576874 
35.44 7.6790981 10.319199 21.763973 
35.45 7.948434 10.692353 22.001475 
35.46 8.2272912 11.057296 22.290649 
35.47 8.5137349 11.408814 22.632195 
35.48 8.8054886 11.741085 23.026082 
35.49 9.0999116 12.047747 23.471379 
35.5 9.3939872 12.322011 23.966079 
35.51 9.6843255 12.556823 24.506942 
35.52 9.9671837 12.745084 25.08935 
35.53 10.238508 12.879918 25.707215 
35.54 10.494 12.954994 26.35294 
35.55 10.729208 12.964876 27.017465 
35.56 10.939645 12.905386 27.690402 
35.57 11.120928 12.773948 28.360274 
35.58 11.268936 12.569894 29.014858 
35.59 11.379978 12.294675 29.641618 
35.6 11.450959 11.951968 30.228201 
35.61 11.479538 11.547646 30.762971 
35.62 11.464252 11.089603 31.235531 
35.63 11.404616 10.58744 31.637181 
35.64 11.301169 10.052029 31.96129 
35.65 11.155476 9.495005 32.203525 
35.66 10.970074 8.9282099 32.361942 
35.67 10.748373 8.3631561 32.436913 
35.68 10.494519 7.8105432 32.430937 
35.69 10.213226 7.2798671 32.348325 
35.7 9.9095927 6.7791428 32.194829 
35.71 9.5889172 6.3147499 31.977231 
35.72 9.2565196 5.8913939 31.702947 
35.73 8.9175825 5.5121688 31.379653 
35.74 8.5770173 5.1786982 31.014977 
35.75 8.2393592 4.89133 30.616251 
35.76 7.9086921 4.6493608 30.190332 
35.77 7.588603 4.4512689 29.743492 
35.78 7.2821623 4.2949394 29.281357 
35.79 6.9919266 4.1778687 28.808898 
35.8 6.7199595 4.0973431 28.330454 
35.81 6.467866 4.0505858 27.849779 
35.82 6.2368357 4.0348749 27.370101 
35.83 6.0276926 4.0476308 26.894193 
35.84 5.840946 4.086479 26.42444 
35.85 5.6768426 4.1492904 25.96291 
35.86 5.5354159 4.2342031 25.511416 
35.87 5.416532 4.3396298 25.071573 
35.88 5.3199322 4.4642539 24.64485 
35.89 5.2452694 4.6070163 24.232615 
35.9 5.1921407 4.7670966 23.836174 
35.91 5.160114 4.9438891 23.456807 
35.92 5.14875 5.1369757 23.095796 
35.93 5.1576191 5.3460964 22.754456 
35.94 5.1863145 5.5711172 22.434155 
35.95 5.2344599 5.8119967 22.136335 
35.96 5.3017141 6.0687508 21.862533 
35.97 5.3877709 6.3414146 21.614398 
35.98 5.4923561 6.6300029 21.3937 
35.99 5.6152203 6.9344659 21.202346 
36 5.7561278 7.254643 21.042386 
36.01 5.914843 7.5902112 20.916014 
36.02 6.0911116 7.9406294 20.825565 
36.03 6.2846392 8.3050783 20.773504 
36.04 6.4950654 8.6823945 20.762406 
36.05 6.7219337 9.071002 20.794922 
36.06 6.9646586 9.4688408 20.873729 
36.07 7.2224877 9.8732941 21.001467 
36.08 7.4944613 10.28112 21.180654 
36.09 7.7793701 10.688389 21.413571 
36.1 8.0757104 11.090437 21.702138 
36.11 8.3816412 11.481838 22.047746 
36.12 8.6949433 11.856408 22.451083 
36.13 9.0129853 12.207249 22.911925 
36.14 9.3326987 12.526841 23.428933 
36.15 9.6505673 12.8072 23.999433 
36.16 9.9626359 13.040094 24.619226 
36.17 10.264542 13.217339 25.282428 
36.18 10.551575 13.331153 25.981372 
36.19 10.81877 13.374567 26.706602 
36.2 11.061027 13.341873 27.446965 
36.21 11.273267 13.229064 28.189838 
36.22 11.450614 13.034246 28.921481 
36.23 11.588588 12.75796 29.62752 
36.24 11.683318 12.403381 30.293527 
36.25 11.731728 11.976359 30.905672 
36.26 11.731721 11.48527 31.45137 
36.27 11.682302 10.940692 31.919893 
36.28 11.583666 10.354911 32.302865 
36.29 11.437218 9.7413121 32.594608 
36.3 11.245527 9.1136965 32.792291 
36.31 11.012225 8.4856076 32.895899 
36.32 10.741849 7.8697091 32.908012 
36.33 10.439643 7.2772764 32.833443 
36.34 10.111347 6.71783 32.67878 
36.35 9.7629632 6.1989246 32.45188 
36.36 9.4005449 5.7260899 32.161364 
36.37 9.0299997 5.3029023 31.816159 
36.38 8.6569258 4.9311587 31.425105 
36.39 8.286483 4.6111197 30.996654 
36.4 7.9233019 4.34179 30.538647 
36.41 7.5714287 4.1212084 30.058188 
36.42 7.2343027 3.946726 29.561577 
36.43 6.9147606 3.8152571 29.054306 
36.44 6.6150635 3.7234954 28.541097 
36.45 6.3369392 3.6680901 28.025966 
36.46 6.0816356 3.6457838 27.512302 
36.47 5.849981 3.6535141 27.002959 
36.48 5.6424456 3.6884838 26.500338 
36.49 5.4592033 3.7482044 26.006474 
36.5 5.3001907 3.8305178 25.52311 
36.51 5.1651612 3.9336019 25.051767 
36.52 5.0537342 4.0559631 24.5938 
36.53 4.9654387 4.196419 24.150453 
36.54 4.8997498 4.354076 23.722901 
36.55 4.8561206 4.5283013 23.312289 
36.56 4.8340074 4.718693 22.919765 
36.57 4.8328898 4.9250473 22.546507 
36.58 4.8522859 5.1473259 22.193753 
36.59 4.8917624 5.3856212 21.862821 
36.6 4.950941 5.6401206 21.555132 
36.61 5.0295006 5.9110697 21.272229 
36.62 5.1271749 6.198733 21.015794 
36.63 5.2437476 6.5033523 20.787667 
36.64 5.3790429 6.8251006 20.589856 
36.65 5.532913 7.1640332 20.424552 
36.66 5.7052214 7.5200316 20.29413 
36.67 5.8958227 7.8927433 20.201152 
36.68 6.1045374 8.2815135 20.148362 
36.69 6.3311235 8.6853112 20.138661 
36.7 6.5752423 9.102649 20.175084 
36.71 6.8364204 9.5314968 20.260745 
36.72 7.1140062 9.9691941 20.398774 
36.73 7.4071232 10.412362 20.592221 
36.74 7.7146182 10.856819 20.843939 
36.75 8.0350088 11.297517 21.156427 
36.76 8.3664285 11.728487 21.531655 
36.77 8.7065759 12.142833 21.970841 
36.78 9.0526679 12.532755 22.474211 
36.79 9.4014045 12.889652 23.040734 
36.8 9.748948 13.204277 23.667856 
36.81 10.090925 13.466998 24.351239 
36.82 10.422457 13.668129 25.084551 
36.83 10.738221 13.798369 25.859315 
36.84 11.032555 13.849302 26.664873 
36.85 11.299601 13.813953 27.488474 
36.86 11.533487 13.687358 28.315533 
36.87 11.728544 13.467079 29.13006 
36.88 11.879553 13.153634 29.915246 
36.89 11.981995 12.750753 30.654201 
36.9 12.032293 12.265432 31.330762 
36.91 12.028028 11.707747 31.930322 
36.92 11.968103 11.090424 32.440589 
36.93 11.852841 10.428204 32.852198 
36.94 11.683999 9.7370534 33.159117 
36.95 11.464715 9.0332952 33.358797 
36.96 11.199361 8.3327604 33.452084 
36.97 10.893346 7.6500273 33.442887 
36.98 10.552867 6.9978194 33.337678 
36.99 10.184631 6.3865979 33.144889 
37 9.7955892 5.8243595 32.874252 
37.01 9.3926675 5.3166256 32.536182 
37.02 8.982546 4.8665904 32.141221 
37.03 8.5714705 4.4753852 31.699587 
37.04 8.1651136 4.142415 31.220842 
37.05 7.7684829 3.8657247 30.713677 
37.06 7.3858722 3.6423621 30.185792 
37.07 7.0208513 3.468714 29.643866 
37.08 6.6762867 3.3407981 29.093591 
37.09 6.3543849 3.2545057 28.53974 
37.1 6.0567536 3.205792 27.986274 
37.11 5.7844714 3.1908186 27.436453 
37.12 5.5381633 3.2060527 26.892943 
37.13 5.3180759 3.2483295 26.357934 
37.14 5.1241506 3.3148866 25.833231 
37.15 4.9560913 3.4033743 25.320344 
37.16 4.8134264 3.5118505 24.820562 
37.17 4.6955634 3.638762 24.335019 
37.18 4.6018361 3.7829193 23.864746 
37.19 4.5315448 3.9434651 23.410719 
37.2 4.4839897 4.1198406 22.973893 
37.21 4.4584972 4.3117503 22.55524 
37.22 4.4544412 4.5191263 22.155774 
37.23 4.4712581 4.7420929 21.776578 
37.24 4.5084577 4.9809312 21.418829 
37.25 4.5656295 5.2360437 21.083819 
37.26 4.6424446 5.5079178 20.772976 
37.27 4.7386543 5.7970889 20.487888 
37.28 4.8540856 6.1041003 20.230316 
37.29 4.9886319 6.42946 20.002222 
37.3 5.1422417 6.7735934 19.805777 
37.31 5.3149028 7.1367896 19.643382 
37.32 5.5066226 7.5191415 19.517677 
37.33 5.7174043 7.920477 19.431542 
37.34 5.9472188 8.340282 19.388098 
37.35 6.1959704 8.7776135 19.390689 
37.36 6.4634586 9.2310034 19.442851 
37.37 6.7493325 9.6983539 19.548265 
37.38 7.0530399 10.176827 19.710677 
37.39 7.3737709 10.662732 19.933798 
37.4 7.7103958 11.151418 20.221164 
37.41 8.0613992 11.637175 20.575952 
37.42 8.4248125 12.113167 21.000763 
37.43 8.7981479 12.571399 21.497349 
37.44 9.1783382 13.00274 22.066314 
37.45 9.561688 13.397028 22.706772 
37.46 9.9438441 13.743264 23.416002 
37.47 10.319792 14.029922 24.189112 
37.48 10.68389 14.245377 25.01875 
37.49 11.029943 14.378455 25.89491 
37.5 11.351331 14.419087 26.804872 
37.51 11.641186 14.359029 27.733324 
37.52 11.892631 14.192596 28.662704 
37.53 12.099049 13.917329 29.573772 
37.54 12.254401 13.534523 30.446401 
37.55 12.353537 13.049524 31.260551 
37.56 12.392508 12.471736 31.99733 
37.57 12.368815 11.8143 32.640056 
37.58 12.281608 11.093457 33.1752 
37.59 12.131774 10.327643 33.593097 
37.6 11.921936 9.5364117 33.888355 
37.61 11.656335 8.7393023 34.059925 
37.62 11.340623 7.9547686 34.11083 
37.63 10.981581 7.199278 34.047623 
37.64 10.586787 6.4866531 33.87964 
37.65 10.164271 5.8276893 33.618166 
37.66 9.7221709 5.2300429 33.27559 
37.67 9.2684341 4.6983545 32.864648 
37.68 8.8105577 4.2345518 32.397783 
37.69 8.3553943 3.8382664 31.886668 
37.7 7.9090174 3.5073083 31.341891 
37.71 7.4766455 3.2381429 30.772777 
37.72 7.0626171 3.0263379 30.187337 
37.73 6.6704089 2.8669526 29.592302 
37.74 6.3026852 2.7548604 28.993222 
37.75 5.9613704 2.6850012 28.394598 
37.76 5.6477352 2.6525678 27.800036 
37.77 5.3624896 2.6531344 27.212392 
37.78 5.1058766 2.6827365 26.63392 
37.79 4.8777631 2.7379122 26.066396 
37.8 4.6777241 2.8157146 25.51123 
37.81 4.5051189 2.9137019 24.969563 
37.82 4.3591594 3.0299139 24.442342 
37.83 4.2389675 3.1628385 23.930386 
37.84 4.1436252 3.311373 23.434437 
37.85 4.0722149 3.4747831 22.955205 
37.86 4.0238526 3.6526618 22.493401 
37.87 3.997714 3.8448884 22.049769 
37.88 3.993054 4.0515905 21.625108 
37.89 4.0092208 4.2731068 21.220304 
37.9 4.0456661 4.5099518 20.836344 
37.91 4.1019496 4.7627822 20.474342 
37.92 4.1777408 5.0323634 20.135561 
37.93 4.2728177 5.3195358 19.821432 
37.94 4.3870614 5.6251795 19.533582 
37.95 4.5204484 5.9501762 19.273854 
37.96 4.6730401 6.2953669 19.044329 
37.97 4.8449677 6.6615037 18.847354 
37.98 5.0364153 7.0491947 18.685558 
37.99 5.2475978 7.4588387 18.561874 
38 5.4787343 7.89055 18.479547 
38.01 5.7300169 8.3440705 18.442144 
38.02 6.0015724 8.818668 18.453542 
38.03 6.2934188 9.3130212 18.517905 
38.04 6.6054125 9.8250902 18.639637 
38.05 6.9371896 10.351977 18.823306 
38.06 7.2880969 10.889775 19.073534 
38.07 7.6571175 11.433426 19.394834 
38.08 8.042788 11.976576 19.791408 
38.09 8.4431123 12.511464 20.266872 
38.1 8.8554746 13.028852 20.823936 
38.11 9.2765571 13.518023 21.464006 
38.12 9.7022697 13.966873 22.186758 
38.13 10.127701 14.36213 22.989664 
38.14 10.5471 14.689716 23.867533 
38.15 10.953908 14.935284 24.812107 
38.16 11.340838 15.084925 25.811759 
38.17 11.700029 15.126019 26.851379 
38.18 12.023267 15.048203 27.9125 
38.19 12.302285 14.844359 28.97373 
38.2 12.529117 14.511518 30.011506 
38.21 12.696505 14.051573 31.001165 
38.22 12.798313 13.471667 31.918254 
38.23 12.829925 12.784154 32.739971 
38.24 12.788572 12.006116 33.446582 
38.25 12.673567 11.158421 34.022642 
38.26 12.486406 10.264442 34.457874 
38.27 12.23073 9.3485594 34.747588 
38.28 11.912139 8.4346348 34.892628 
38.29 11.537887 7.5446316 34.89885 
38.3 11.116494 6.6975161 34.77626 
38.31 10.657295 5.9085302 34.537923 
38.32 10.169993 5.1888578 34.198809 
38.33 9.6642358 4.5456536 33.774691 
38.34 9.1492508 3.9823624 33.281207 
38.35 8.6335559 3.4992384 32.733129 
38.36 8.1247538 3.0939713 32.143864 
38.37 7.6294058 2.7623396 31.525174 
38.38 7.1529801 2.4988288 30.887066 
38.39 6.6998598 2.2971768 30.237834 
38.4 6.2733971 2.1508241 29.584186 
38.41 5.8760015 2.0532649 28.931426 
38.42 5.5092471 1.9983044 28.28367 
38.43 5.1739913 1.980233 27.644047 
38.44 4.8704946 1.9939331 27.014904 
38.45 4.5985365 2.0349311 26.397973 
38.46 4.3575237 2.0994106 25.794526 
38.47 4.1465873 2.1841965 25.205494 
38.48 3.9646688 2.2867206 24.631572 
38.49 3.8105933 2.4049755 24.07329 
38.5 3.683132 2.5374632 23.531084 
38.51 3.5810528 2.6831417 23.005339 
38.52 3.5031617 2.8413726 22.496428 
38.53 3.4483349 3.0118718 22.004742 
38.54 3.4155441 3.1946635 21.530715 
38.55 3.4038741 3.3900388 21.074846 
38.56 3.4125361 3.598518 20.637718 
38.57 3.4408753 3.8208177 20.220017 
38.58 3.4883759 4.0578193 19.822548 
38.59 3.5546619 4.3105416 19.44626 
38.6 3.6394953 4.5801136 19.092264 
38.61 3.7427729 4.867748 18.761858 
38.62 3.8645192 5.1747132 18.45655 
38.63 4.0048788 5.5023028 18.178089 
38.64 4.1641055 5.8518009 17.928493 
38.65 4.342549 6.2244412 17.710079 
38.66 4.5406385 6.6213575 17.525496 
38.67 4.7588635 7.0435242 17.377758 
38.68 4.9977488 7.4916836 17.270269 
38.69 5.2578251 7.966258 17.206854 
38.7 5.5395932 8.467244 17.191766 
38.71 5.8434805 8.9940868 17.229696 
38.72 6.169788 9.5455332 17.325753 
38.73 6.5186287 10.119464 17.485417 
38.74 6.8898535 10.712703 17.714459 
38.75 7.2829661 11.320818 18.018812 
38.76 7.6970261 11.937907 18.404377 
38.77 8.1305416 12.556393 18.876761 
38.78 8.5813535 13.166852 19.440929 
38.79 9.0465168 13.75789 20.100764 
38.8 9.5221852 14.316112 20.858538 
38.81 10.00351 14.826221 21.714304 
38.82 10.484568 15.271301 22.665238 
38.83 10.95833 15.633315 23.704979 
38.84 11.416694 15.893854 24.823041 
38.85 11.850599 16.035143 26.004394 
38.86 12.250236 16.041279 27.229311 
38.87 12.605359 15.899608 28.473595 
38.88 12.905712 15.602135 29.70927 
38.89 13.141526 15.146773 30.905756 
38.9 13.304091 14.538246 32.031506 
38.91 13.38632 13.788457 33.055956 
38.92 13.383274 12.9162 33.9516 
38.93 13.292567 11.946167 34.695922 
38.94 13.11461 10.90734 35.272923 
38.95 12.852664 9.8309573 35.674035 
38.96 12.512667 8.7483055 35.898309 
38.97 12.10289 7.6886376 35.951882 
38.98 11.633429 6.6774556 35.846855 
38.99 11.115616 5.7353276 35.599776 
39 10.561395 4.8773023 35.229973 
39.01 9.9827376 4.1128847 34.757946 
39.02 9.3911271 3.4464678 34.203983 
39.03 8.7971546 2.8780748 33.587104 
39.04 8.2102304 2.4042643 32.924352 
39.05 7.638412 2.0190698 32.230415 
39.06 7.0883367 1.7148787 31.517514 
39.07 6.5652369 1.4831911 30.7955 
39.08 6.0730208 1.3152329 30.072073 
39.09 5.6143959 1.2024171 29.353074 
39.1 5.1910173 1.1366683 28.6428 
39.11 4.8036477 1.1106296 27.94431 
39.12 4.4523169 1.1177761 27.259702 
39.13 4.1364731 1.1524581 26.590351 
39.14 3.8551214 1.2098938 25.937103 
39.15 3.6069472 1.2861284 25.300435 
39.16 3.3904221 1.3779725 24.680571 
39.17 3.2038938 1.4829303 24.07758 
39.18 3.0456602 1.5991235 23.491439 
39.19 2.9140293 1.7252168 22.922087 
39.2 2.8073664 1.8603474 22.369454 
39.21 2.7241304 2.0040605 21.833492 
39.22 2.6629013 2.1562522 21.314192 
39.23 2.6223988 2.3171196 20.811597 
39.24 2.6014964 2.4871179 20.325816 
39.25 2.5992289 2.666924 19.857033 
39.26 2.6147968 2.8574071 19.40552 
39.27 2.647568 3.0596033 18.971644 
39.28 2.6970759 3.2746957 18.555889 
39.29 2.7630178 3.5039967 18.158865 
39.3 2.84525 3.748934 17.781327 
39.31 2.9437835 4.011037 17.424199 
39.32 3.0587782 4.2919232 17.088596 
39.33 3.1905363 4.5932844 16.775853 
39.34 3.3394953 4.9168687 16.487559 
39.35 3.5062192 5.2644596 16.225591 
39.36 3.6913886 5.6378473 15.992156 
39.37 3.8957887 6.0387926 15.789833 
39.38 4.1202941 6.4689784 15.621624 
39.39 4.3658502 6.9299475 15.491003 
39.4 4.6334493 7.4230222 15.401963 
39.41 4.9241004 7.9492019 15.35907 
39.42 5.2387907 8.5090354 15.367496 
39.43 5.5784379 9.1024625 15.433057 
39.44 5.9438295 9.7286224 15.56221 
39.45 6.3355481 10.385625 15.762036 
39.46 6.7538811 11.070289 16.040165 
39.47 7.1987108 11.777837 16.404641 
39.48 7.6693865 12.501583 16.863707 
39.49 8.164577 13.232592 17.425475 
39.5 8.6821062 13.959379 18.097477 
39.51 9.2187782 14.66765 18.886061 
39.52 9.7701993 15.340178 19.795638 
39.53 10.330613 15.956847 20.827777 
39.54 10.89277 16.494975 21.980194 
39.55 11.447852 16.929975 23.245703 
39.56 11.985489 17.236432 24.611242 
39.57 12.493901 17.389614 26.057137 
39.58 12.960183 17.367385 27.556802 
39.59 13.370764 17.152381 29.077049 
39.6 13.712036 16.734242 30.579182 
39.61 13.971117 16.111564 32.020925 
39.62 14.13671 15.293223 33.359091 
39.63 14.199952 14.298752 34.552759 
39.64 14.155175 13.157561 35.566546 
39.65 14.000447 11.906988 36.373482 
39.66 13.737847 10.589398 36.957061 
39.67 13.37339 9.2487483 37.312122 
39.68 12.916639 7.9271229 37.444469 
39.69 12.380034 6.6617343 37.369379 
39.7 11.77805 5.4827626 37.109304 
39.71 11.126261 4.4122039 36.691211 
39.72 10.440449 3.4637038 36.143957 
39.73 9.735812 2.6431983 35.496029 
39.74 9.0263386 1.9501008 34.773837 
39.75 8.3243747 1.3787639 34.000615 
39.76 7.6403698 0.91997993 33.195885 
39.77 6.982787 0.56235715 32.375371 
39.78 6.358142 0.2934724 31.551233 
39.79 5.7711353 0.10076528 30.732492 
39.8 5.2248455 -0.027820919 29.925545 
39.81 4.7209524 -0.10342029 29.134687 
39.82 4.2599719 -0.1360049 28.362598 
39.83 3.8414821 -0.13428145 27.61076 
39.84 3.4643349 -0.10568429 26.879806 
39.85 3.1268433 -0.056432313 26.169793 
39.86 2.8269439 0.0083756977 25.480405 
39.87 2.5623343 0.084645927 24.811109 
39.88 2.3305851 0.16916751 24.161257 
39.89 2.1292304 0.25949234 23.530163 
39.9 1.9558384 0.35382207 22.917142 
39.91 1.8080647 0.45090534 22.321546 
39.92 1.6836916 0.54994665 21.742774 
39.93 1.5806556 0.65052725 21.180278 
39.94 1.4970653 0.75253784 20.633571 
39.95 1.4312114 0.85612212 20.102218 
39.96 1.3815712 0.96163055 19.58584 
39.97 1.3468089 1.0695831 19.08411 
39.98 1.3257721 1.1806398 18.596746 
39.99 1.3174869 1.2955789 18.123519 
40 1.321151 1.4152798 17.664244 
